date,fold_id,y_true,ensemble_A,ensemble_B
2023-02-01,1,0.072786845266819,-0.0022065499067618,-0.0004199603960539
2023-02-02,1,-0.0274734310805797,-0.00300899678935145,-0.0007278064343457334
2023-02-03,1,-0.0179423931986093,-0.00271866640635615,-0.0012658185247952666
2023-02-06,1,0.0460641235113143,-0.00244458480832015,-0.0010150492113704334
2023-02-07,1,-0.0768301263451576,-0.0019091319987986502,-0.00032686114233606667
2023-02-08,1,-0.0438763126730918,-0.00224805658184625,-0.0005153667880222001
2023-02-09,1,-0.0046311561018228,-0.00149207679881565,-0.0012180327515428002
2023-02-10,1,0.0004229213227517,0.00012126779089825009,-0.0015261933440342667
2023-02-13,1,0.0007400228641927,0.0007130295274342999,-0.0006647179446493666
2023-02-14,1,0.0238697659224271,0.00089303315523225,-0.0011946715336913667
2023-02-15,1,-0.014751361683011,0.0012118544420149,-0.0017807435166711666
2023-02-16,1,-0.0121454587206244,0.0015991586716767002,-0.0014442066894844
2023-02-17,1,-0.0271330140531063,0.00172370800315695,-0.0015675354516133334
2023-02-21,1,-0.0015251812292262,0.0022559089850322503,0.0005731503867233666
2023-02-22,1,-0.0082923583686351,0.0019306908817883,0.0002815688106542333
2023-02-23,1,-0.0193640850484371,0.0015620848865743001,-0.0005498779161522666
2023-02-24,1,0.0083024865016341,0.00142731063566465,-0.0005658168423299665
2023-02-27,1,0.0021141711622476,0.00179146773029725,-3.79942551565667e-05
2023-02-28,1,0.0033311359584331,0.0009720868784667,-8.379784412683329e-05
2023-03-01,2,0.0181496143341064,0.00076673265925755,-0.0003831627545878333
2023-03-02,2,0.0179347824305295,-9.324950908365002e-05,-0.00038242363370953326
2023-03-03,2,0.0158035364001989,-0.00025624593922719997,-0.0007575063500553332
2023-03-06,2,-0.0133502213284373,-0.00046391600130904996,-0.0004955581001316001
2023-03-07,2,0.0041551459580659,-0.0010835485146107001,-0.0009164862179507666
2023-03-08,2,-0.0204774588346481,-0.0013221612239447999,-0.0003226477225931667
2023-03-09,2,-0.018305929377675,-0.00100371120584045,-0.0005051618985211
2023-03-10,2,0.0052962801419198,-0.00082555778414995,-0.0005653616196165
2023-03-13,2,0.0313906446099281,0.00051534657745765,0.0008142060833051666
2023-03-14,2,0.0227734185755252,0.0016306522759344001,-0.00048133494177210007
2023-03-15,2,0.0438038036227226,0.00203781893856035,-0.0003130776652445
2023-03-16,2,0.0129586234688758,0.00065203832535015,-0.0010221679112874
2023-03-17,2,-0.0039362604729831,-0.00190070264900155,-0.0010515487714049668
2023-03-20,2,0.0365538410842418,-0.0048211638855008,-0.0017035635149416667
2023-03-21,2,-0.0147730829194188,-0.0048934464118708,0.0004127372715932334
2023-03-22,2,0.0215730164200067,-0.00464495066946425,-0.0007417083058195666
2023-03-23,2,-0.0015149875544011,-0.0044273761878447495,-0.0006257479350703334
2023-03-24,2,-0.0282626990228891,-0.0043647811321733,-0.0014317786553874334
2023-03-27,2,-0.0139567125588655,-0.003965539928459,-0.0007763416312324666
2023-03-28,2,0.0035632930230349,-0.00288029089963115,0.00032054112913706663
2023-03-29,2,-0.0049314121715724,-0.00157020863073,-0.0003188327148867333
2023-03-30,2,0.0281495470553636,-0.0017933447884587,-0.0007947441772557334
2023-03-31,2,0.0060735247097909,-0.0022973200082112,0.00018257680737103328
2023-04-03,3,0.0034495184663683,-0.0005725289441307153,-0.0015999736497178804
2023-04-04,3,-0.0023872987367212,-0.00137978178459735,-0.003138843690976452
2023-04-05,3,0.0378098301589489,-0.00125777570425115,-0.002404505115312792
2023-04-06,3,-0.0182622149586677,-0.00103067181332595,-0.0023956173487628234
2023-04-10,3,-0.0102406479418277,-0.0004140882263328,-0.002299185687055148
2023-04-11,3,-0.0067394222132861,-0.00086349674028135,-0.002080668113194388
2023-04-12,3,0.026662953197956,-0.0009102719733826499,-0.001508341908144431
2023-04-13,3,0.0134040564298629,-0.00109192103623925,-0.002162103774025989
2023-04-14,3,-0.0266373194754123,-0.0009368102867224,-0.002058384746002628
2023-04-17,3,-0.0138719268143177,-0.00105766151908575,-0.0017794934101402337
2023-04-18,3,-0.003062090370804,-0.0009161814254967,-0.0008165908511727963
2023-04-19,3,0.0106544969603419,-0.00070840966797995,-0.001354603290868262
2023-04-20,3,0.0011398051865398,-0.00064119630038325,-0.0019250014641632297
2023-04-21,3,0.0053125973790884,-0.0009296568759986,-0.002198407116035575
2023-04-24,3,-0.0200057458132505,-0.0007809267589967499,-0.0017902416099483374
2023-04-25,3,-0.0013481375062838,-0.000410641990376,-0.001290613707775841
2023-04-26,3,0.037412192672491,-9.428677957299997e-05,-0.0008781258948147101
2023-04-27,3,-0.0023237594868987,-0.00015252377484574996,-0.0011028726585208919
2023-04-28,3,-0.0013043048093095,0.00029817441696759994,-0.0018098880148802582
2023-05-01,4,-0.0175371374934911,0.0010059750237704501,4.829443059859998e-05
2023-05-02,4,0.0008544642478227,0.0017475015999413998,0.0005754705828924666
2023-05-03,4,-0.0068303886801004,0.00273924526711065,0.0009828812132278333
2023-05-04,4,0.0084055932238698,0.0006458047248232999,0.00025750102940946666
2023-05-05,4,0.020839475095272,0.0008375961167991501,-0.0005178720457479667
2023-05-08,4,-0.0038973011542111,0.00020753197194315004,-0.0002730691339820667
2023-05-09,4,0.0409874990582466,0.00088194148887885,-9.287854967020006e-05
2023-05-10,4,0.0431319624185562,0.00153477865721955,0.0008573318239844333
2023-05-11,4,0.0080637754872441,0.0017655201372215096,0.0004114395317931666
2023-05-12,4,-0.0085099088028073,0.00195658151976685,0.0004990568074087
2023-05-15,4,0.0257489122450351,0.00206802031941635,0.0007065297395456332
2023-05-16,4,0.011128744110465,0.001649343954945,7.657178988033341e-06
2023-05-17,4,0.0164681021124124,0.00319278989080055,0.0011868526344187
2023-05-18,4,-0.0005698785535059,0.0026150088294137,0.0011524435831233666
2023-05-19,4,0.0186541583389043,0.0024607020259986,0.00044495522161013337
2023-05-22,4,-0.0199119858443737,0.0011061870761261,0.0007951591299691002
2023-05-23,4,-0.0135443937033414,0.0027743855224917,0.0012122090750684002
2023-05-24,4,0.0213399603962898,0.0014405207362438001,0.000405265231772
2023-05-25,4,0.0091512380167841,0.0019508926696800001,0.0006771276239305332
2023-05-26,4,-0.0075434288010001,0.00269332270477255,0.0006860181650456728
2023-05-30,4,-0.0064689358696341,0.0017769158509758501,0.0003926183174674667
2023-05-31,4,0.006917898543179,0.0020846215333486,0.0012299582595005332
2023-06-01,5,0.0076785902492702,0.00279178048859585,0.0013874242819534666
2023-06-02,5,0.0107484767213463,0.00213842722541535,0.0011825500405393
2023-06-05,5,0.0103165311738848,-0.00028421703994604996,0.0006239036059317333
2023-06-06,5,-0.0377817042171955,0.00147789798634215,0.0010095049704734668
2023-06-07,5,-0.0029387711547315,-0.00011594881845594998,0.0005879808256091666
2023-06-08,5,0.0007368582300841,0.0012282731195921,0.0010975825134664334
2023-06-09,5,0.0115355281159281,0.00200549912930525,0.0010464084043633
2023-06-12,5,0.0015367864398285,0.0002050155656913499,0.00036946348639806435
2023-06-13,5,-0.0012920162407681,0.00017454104567585,9.380824243029999e-05
2023-06-14,5,0.0114820767194032,0.0001434756333863501,0.0003125613632922667
2023-06-15,5,-0.012470961548388,0.0021335284388528,0.0008965658101563002
2023-06-16,5,-0.0034809787757694,0.0019025203579714,0.0008161294196420999
2023-06-20,5,-0.0207148566842079,0.0012254446042583998,0.0009570057166759386
2023-06-21,5,0.0215677749365568,0.0008819303239060499,0.0008487605761425999
2023-06-22,5,-0.0065772728994488,0.0004305446405553999,0.0007818951259347387
2023-06-23,5,-0.0326958708465099,0.001022910988504,0.0004487886180868362
2023-06-26,5,-8.444442210020497e-05,0.0017578646343922,0.0008552015933673999
2023-06-27,5,0.0156342554837465,0.0032349920855893003,0.0008491744277610668
2023-06-28,5,-0.0089865708723664,0.0041572849252831,0.0008194836118491188
2023-06-29,5,0.0050378190353512,0.0027930323226098,0.00048491354876505527
2023-06-30,5,0.0016709198243916,0.0025996076032652,0.0004977142671123
2023-07-03,6,0.0154295358806848,-0.0005292648434926948,0.0014316952923157666
2023-07-05,6,-0.0134702818468213,-0.00132931885396135,-0.0009183066625458
2023-07-06,6,-0.0052451840601861,-0.0009677205470172499,-0.0004277713208769667
2023-07-07,6,-0.0253598969429731,-0.00024112916322495002,0.00041000104586899996
2023-07-10,6,0.0059253247454762,-0.000995388979597,0.0008989383932202999
2023-07-11,6,0.0152808297425508,-0.0011961599685942998,0.0004901428862164334
2023-07-12,6,0.0471706204116344,-0.00082861909486295,-0.0006477002946970333
2023-07-13,6,0.0070659783668816,-0.0015458760087554001,0.00020998133307630006
2023-07-14,6,-0.0061394576914608,-0.0018228376491244002,6.011809455229799e-05
2023-07-17,6,-0.0071400366723537,-0.00262018304460245,0.0008162638599362999
2023-07-18,6,-0.0139786005020141,-0.00124659019766075,0.0001734321898159667
2023-07-19,6,-0.0231910124421119,-0.00019273640892750004,0.0006874732595557666
2023-07-20,6,0.006879256106913,3.021987158304993e-05,0.0012277502100914333
2023-07-21,6,0.0125812673941254,-4.722360619826985e-05,0.0008692523212327001
2023-07-24,6,0.0055952896364033,7.417413729689999e-05,-0.0007123953934448334
2023-07-25,6,0.0577694177627563,0.0006265277058249,-0.0004942076823984333
2023-07-26,6,0.001005434198305,0.001271828641354716,0.0003864261864995001
2023-07-27,6,0.0245751272886991,0.0010143121272283,0.00034732728575663334
2023-07-28,6,0.0010560548398643,0.0010097797027507,0.0004522754267478667
2023-07-31,6,-0.0088154217228293,-0.0015631844627850499,-4.252899573959271e-05
2023-08-01,7,-0.0240973904728889,0.00042102348156035,-0.0015345364032933663
2023-08-02,7,0.0005452421028167,0.001879104612332,0.003788712744911467
2023-08-03,7,-0.0026470464654266,0.004708242103394301,0.002912804717197967
2023-08-04,7,0.0266956482082605,0.006970876907080949,0.0070057446137070335
2023-08-07,7,-0.000988041749224,0.0078948064589485,0.006417235980431201
2023-08-08,7,-0.0132420659065246,0.007202056030027004,0.004069149144925134
2023-08-09,7,0.000231453042943,0.0063237427501652,0.0052028521895408
2023-08-10,7,-0.0010026521049439,0.0047720375782065,0.005178573541343167
2023-08-11,7,0.0136617626994848,0.00336074836092925,0.0013316382343570334
2023-08-14,7,-0.0118022076785564,0.00213223238937845,0.0011437866681566335
2023-08-15,7,-0.0083218803629279,0.0017925871954886999,0.002667125741330233
2023-08-16,7,0.0094792488962411,0.00222482999229135,0.0065069044940173
2023-08-17,7,-0.018934603780508,0.0024969999989681,0.003745868646850133
2023-08-18,7,0.0071394303813576,0.00230375552037335,0.006686754059046433
2023-08-21,7,0.0055308723822236,0.00247731036878505,0.0046027787805845
2023-08-22,7,0.0254880059510469,0.0025520143983542003,0.0023513436705494667
2023-08-23,7,-0.0195660945028066,0.00206824138346675,7.922113096963327e-05
2023-08-24,7,0.0007702438742853,0.0011058580911012,0.0006845754396636
2023-08-25,7,0.0087001826614141,0.0015624783815428,0.002843361192693333
2023-08-28,7,0.0271739084273576,0.0024526913977122,0.0028571883449330666
2023-08-29,7,0.0097345551475882,0.0020285150078086,0.002502630464732666
2023-08-30,7,0.0021342455875128,0.00194981393921735,0.0064920820683860994
2023-08-31,7,-0.0037451246753335,0.0018361167377686002,0.0052738124892736
2023-09-01,8,0.0008107485482469,0.00527673382500475,0.00038881780346856665
2023-09-05,8,-0.0096487440168857,0.00168147790712945,0.0009617361744554999
2023-09-06,8,0.005949652288109,0.00257984423940815,0.000639567268081
2023-09-07,8,0.0082803629338741,0.0038066364373829003,0.0006702450336888234
2023-09-08,8,0.003959632012993,0.0030267344857085,0.0005227304451788333
2023-09-11,8,-0.0115396548062562,0.0014574390014339355,0.0011259657718861668
2023-09-12,8,0.0101227657869458,0.00115759084302965,0.0012106317832755334
2023-09-13,8,0.0101675167679786,0.00195546872452725,0.0010799028289814332
2023-09-14,8,-0.0050688814371824,0.0011519228831178,0.0008645778483089666
2023-09-15,8,0.0058951876126229,0.00046640542966734996,0.0010457801205726333
2023-09-18,8,-0.0012300598900765,0.0015719988504855,0.0009176629440237667
2023-09-19,8,-0.0311503335833549,0.0006598439687399,0.00048037631980453336
2023-09-20,8,-0.0246746279299259,-0.0020369299409758,0.00034949982849258717
2023-09-21,8,-0.001456671510823,0.0040312919654337,0.0007850878561536
2023-09-22,8,0.0066027687862515,0.00405035151761385,0.0008782350729840152
2023-09-25,8,-0.0193730276077985,0.0028071582429441497,0.0006792847804414655
2023-09-26,8,0.0153223006054759,0.00016120296326655,0.00041634057803696667
2023-09-27,8,0.0135590806603431,0.0025238789109840497,0.0008956186162928334
2023-09-28,8,-0.0109591586515307,0.00038141663716244995,0.0010185236654554333
2023-09-29,8,0.0252941567450761,0.0007250601842633914,0.0007052738122486334
2023-10-02,9,-0.0129684498533606,-0.0011348097292914999,-1.7862689370866668e-05
2023-10-03,9,0.0212187357246875,-0.0015916807284787002,-7.138513804723328e-05
2023-10-04,9,-0.0012570730177685,-0.00172540798287845,4.185926324380338e-05
2023-10-05,9,0.0185828637331724,-0.0020267823684032497,-2.2676695759099976e-05
2023-10-06,9,0.0061054923571646,-0.0016716175425865502,0.00011358736082913335
2023-10-09,9,-0.0026008875574916,-0.00126686670325315,9.672498951353336e-05
2023-10-10,9,0.0180357601493597,-0.0005971871685982499,8.12729898219222e-05
2023-10-11,9,-0.0112416194751858,-0.0002071407062149501,0.00032963221504663334
2023-10-12,9,-0.0115850456058979,0.0002374123877697499,2.222515953084339e-05
2023-10-13,9,0.0126674976199865,0.00038271730839524286,0.0002378056524321
2023-10-16,9,0.0044570458121597,0.00134156753568355,0.00013059816167996672
2023-10-17,9,-0.0125964693725109,0.0012741645941507,0.00021866004681213335
2023-10-18,9,-0.0015224750386551,0.001531848670248,0.00013339486516390002
2023-10-19,9,-0.0156077910214662,0.00154586155561505,4.75224417944798e-05
2023-10-20,9,0.0066371583379805,0.0012323520089290501,-0.00011941175519799999
2023-10-23,9,0.0169229768216609,0.0012973741258346,0.0003671085190338
2023-10-24,9,-0.0950939133763313,0.0012199712971157,3.798744486023661e-05
2023-10-25,9,-0.0265106484293937,0.0013497180364817,-0.00025938006971653184
2023-10-26,9,-0.0008996502147056,0.0011362812535769,-8.266419172266604e-06
2023-10-27,9,0.0187445003539323,0.00016861748256975003,-0.00025528079519666663
2023-10-30,9,-0.0030531988013535,-0.0002804144888333001,-0.00013289379421616669
2023-10-31,9,0.01910050958395,-0.00088002021863675,-0.0003448439529165333
2023-11-01,10,0.0082246167585253,0.0030753850631763,-0.00036469389063620007
2023-11-02,10,0.0126286568120121,0.0034719736607549496,-0.0007353936865304667
2023-11-03,10,0.008907675743103,0.0030129514617874,-0.0001948631640213667
2023-11-06,10,0.005527822766453,0.0026074432906298497,-0.00014473455181970006
2023-11-07,10,0.0066427714191377,0.0024558321183350998,-0.00010720341621590001
2023-11-08,10,-0.0121360067278146,0.00221060646783555,0.00017171648020543329
2023-11-09,10,0.0180436503142118,0.0019065566555782998,-0.00014484396281963332
2023-11-10,10,-0.0037711078766733,0.0019236334272263998,0.00014005702299373337
2023-11-13,10,0.0115831112489104,0.00205129261966725,5.8430402229199974e-05
2023-11-14,10,0.0074837319552898,0.00177804369950825,9.896792471406669e-05
2023-11-15,10,0.0171595402061939,0.00210920721125145,0.0003965803577254
2023-11-16,10,-0.0118308449164032,0.00179887146985055,0.00038752735902863335
2023-11-17,10,0.006947252433747,0.00178081553727675,0.00022631134682643333
2023-11-20,10,0.0052842814475297,0.001700625405189,0.0004798990751927001
2023-11-21,10,0.011097127571702,0.0017776769409412999,0.0002665078112234667
2023-11-22,10,-0.01299708802253,0.001413883562067,0.00041929124078399996
2023-11-24,10,-0.0020484898705035,0.0011316621832229,0.00035681175844120004
2023-11-27,10,0.005791229661554,0.0011756568195060999,0.0003025525559981667
2023-11-28,10,-0.0161079354584217,0.0009792299398832,0.00021765214235830002
2023-11-29,10,-0.0182236228138208,0.0011772298679139,0.00032801541965453337
2023-11-30,10,-0.005055361893028,0.0011526247329462,0.0001483598413566334
2023-12-01,11,-0.0196420028805732,-0.0009330032278531502,6.6785141825667e-05
2023-12-04,11,0.0133055308833718,-0.0037067344597219,0.004118752006130867
2023-12-05,11,-0.0074051208794116,0.00026834515767445,-0.0024929768405854663
2023-12-06,11,0.0531455725431442,-0.0027579248670653003,0.0023839898834315
2023-12-07,11,-0.014167889021337,-0.0032582795060840503,-0.00032854677798846665
2023-12-08,11,-0.0125934444367885,-0.00535556675029695,0.0020067591685801332
2023-12-11,11,-0.0057767280377447,-0.0014837141714648498,0.0019138608283052333
2023-12-12,11,0.0003772751369979,-0.0021921598925321,0.0018530570669099665
2023-12-13,11,-0.0047523146495223,0.00018367177851289981,0.0016001232046012667
2023-12-14,11,0.0050023440271615,2.719263262249876e-06,0.004211426828987833
2023-12-15,11,0.024132665246725,0.002790299594154,0.0020361352556694996
2023-12-18,11,0.0062591070309281,0.0041146007374075,0.004253499287490967
2023-12-19,11,0.0123673314228653,0.00201768393002725,0.0110923992857957
2023-12-20,11,0.0150354607030749,0.0026782750722631,0.0016869682682832997
2023-12-21,11,0.0076201441697776,0.0002662701954901422,0.0047066343249753005
2023-12-22,11,0.0002121012221323,-0.00040397960938178684,0.0007881267132082334
2023-12-26,11,-0.0081261433660984,-0.00140513674898665,0.0012682923891892
2023-12-27,11,-0.0009973382111638,-0.00155700474406995,-8.041372833149996e-05
2023-12-28,11,-0.0038510295562446,0.0008698558013483,0.0028329358513776996
2023-12-29,11,-0.0108810504898428,-0.00025019391688340005,-0.0001909166264037
2024-01-02,12,0.0054279388859868,0.0020880130131183,0.0006614023586735
2024-01-03,12,-0.0182117354124784,0.0009155799404129146,0.0027949603972956
2024-01-04,12,-0.0048391316086053,-0.001335292301338,-0.004630308549773567
2024-01-05,12,0.0229130759835243,-0.0016791461015055,0.0007430658248873999
2024-01-08,12,0.0151974624022841,0.00010112045491315002,0.0013089018951480185
2024-01-09,12,0.0094359433278441,-0.00362482423579545,-0.003351343873267333
2024-01-10,12,-0.0014056887011975,-0.0071631690707517,-0.008178445122515133
2024-01-11,12,0.0040116738528013,-0.0050472358471037,-0.006624887309347567
2024-01-12,12,-0.0011213972466066,-0.007006451552037,-0.0041602273316432665
2024-01-16,12,-0.0071583492681384,-0.008277225378819501,-0.007699126455311967
2024-01-17,12,0.0142076816409826,-0.004768572930337301,-0.004731280573954166
2024-01-18,12,0.0202120747417211,-0.00391435975356305,-4.8890360630999965e-05
2024-01-19,12,-0.0026642591692507,-0.00280973829501515,0.0008976444757232998
2024-01-22,12,0.0071921916678547,-0.0032826856595818497,0.001999816934888533
2024-01-23,12,0.0112892417237162,-0.0013382033162609001,0.0024973545223474333
2024-01-24,12,0.0213181767612695,-0.0032253440311133,0.0026483712911916
2024-01-25,12,0.0021071408409625,-0.00487269298665375,0.001958883677919667
2024-01-26,12,0.008673389442265,-0.0037527189483530002,-0.0016138597857207
2024-01-29,12,-0.0133541468530893,-0.0040173839580287,-0.0023387710098177
2024-01-30,12,-0.075003296136856,-0.00356171828345925,-0.0015619160840287668
2024-01-31,12,0.0075660003349184,-0.00320772520787785,-0.002998297585387841
2024-02-01,13,0.0086426371708512,0.0055944930719994,0.0021572969077775332
2024-02-02,13,0.0091302897781133,0.0072204637097962,0.002700965036638034
2024-02-05,13,0.0029233014211058,0.0033784547464290496,0.0020060451158011336
2024-02-06,13,0.0099929394200444,0.00687308731237265,0.002709047480796733
2024-02-07,13,0.0025425229687243,0.00585986584385085,0.002027494173186467
2024-02-08,13,0.0211772639304399,0.0043241269372217995,0.0018661779273922003
2024-02-09,13,-0.0098657235503196,0.0020080111842691,0.002821912135307933
2024-02-12,13,-0.0162000469863414,0.00211330921040455,0.0019942122356344668
2024-02-13,13,0.0055120643228292,0.0018389103679715998,0.0008778415697937333
2024-02-14,13,-0.0217214412987232,0.0031419936429833,0.0015098844887688667
2024-02-15,13,-0.0157595910131931,0.0044773440351159,0.0016801078648616336
2024-02-16,13,0.0042698848992586,0.00706788229817225,0.0025243930673847
2024-02-20,13,0.0101331435143947,0.00851076551446605,0.0027068492490797662
2024-02-21,13,0.0108033791184425,0.0092267228309046,0.004116875779194067
2024-02-22,13,-0.0009024495375342,0.00595884347014325,0.0027482853426286998
2024-02-23,13,-0.0443870574235916,0.00564144868783195,0.002366077232484967
2024-02-26,13,0.0095221605151891,0.0023281282221107,0.0016059104236773667
2024-02-27,13,-0.018001114949584,0.00350227476723585,0.0023224705752606
2024-02-28,13,0.0152516569942235,0.00146959850322665,0.0014639305882155668
2024-02-29,13,-0.0095334611833095,0.005061884424012951,0.001962496588627467
2024-03-01,14,-0.0276361238211393,0.0027458750004881,0.0011726732288176668
2024-03-04,14,-0.0050993296317756,0.00194379906379965,0.0009462939924560334
2024-03-05,14,-0.0095724426209926,0.0029166613470859503,0.0012771385178590668
2024-03-06,14,0.0226786378771066,0.00256446532621085,0.001432226233494767
2024-03-07,14,0.0076647312380373,0.003244749718734,0.0011916632065549335
2024-03-08,14,0.0166900940239429,0.0033864891747919504,0.0012646840186789669
2024-03-11,14,0.0060290256515145,0.00260949370057075,0.0012671756946171001
2024-03-12,14,0.0093140285462141,0.0030752830276641,0.0015325390268117335
2024-03-13,14,0.0236784387379884,0.0026785523755328,0.0011784841384117667
2024-03-14,14,-0.0134173491969704,0.0026591424786440504,0.0015930337443326667
2024-03-15,14,0.0460407920181751,0.0015860168896729,0.0012056874111294666
2024-03-18,14,-0.0044017252512276,0.0017121950188919502,0.0011266025733978667
2024-03-19,14,0.0116304736584424,0.00119901740484925,0.0011260480387136334
2024-03-20,14,-0.0076643005013465,0.0004701473369527544,0.0013161472743377
2024-03-21,14,0.0214769430458545,0.0014772846617974499,0.0011171629109109334
2024-03-22,14,-0.0046427128836512,0.00120744185289525,0.0016138804688428665
2024-03-25,14,0.003997956868261,0.00087970530365665,0.0007298245812610999
2024-03-26,14,0.0013273116201162,0.00024222040445764996,0.0012483902197951667
2024-03-27,14,0.0003978286986239,-0.0014903401129453498,0.0007617403850114666
2024-03-28,14,0.0302126687020063,-0.00054665025867385,0.0012782901758328
2024-04-01,15,-0.0059811486862599,0.00173383756556705,0.0033261751523240997
2024-04-02,15,0.0023291890975087,0.0015188283801896001,0.0035393622238188665
2024-04-03,15,-0.0283371545374393,0.0009090514249836177,0.0032033936198179666
2024-04-04,15,0.0130870155990123,0.00077781014626075,0.003305203979834867
2024-04-05,15,0.0154098700731992,0.0011929510152319,0.0031031454370046003
2024-04-08,15,0.0113014634698629,0.00127456852315425,0.0034700619677701995
2024-04-09,15,-0.0029377643950283,0.0013298642916341002,0.0032439499239747334
2024-04-10,15,0.0209428798407316,0.00129760834171595,0.0034145165700464994
2024-04-11,15,-0.0105387819930911,0.0012152087038119,0.003283517085947067
2024-04-12,15,-0.018195666372776,0.00101196390424355,0.0033554972615092663
2024-04-15,15,-0.0029704754706472,0.0008669227572825819,0.0032447444973513003
2024-04-16,15,0.0069300858303904,0.0007062434304131001,0.0031245688830191663
2024-04-17,15,0.003473333781585,0.0012527700491917,0.0034116291596243335
2024-04-18,15,-0.0123069509863853,0.00143240337276055,0.003248104165929033
2024-04-19,15,0.0142124192789196,0.00188188933317705,0.003216255572624467
2024-04-22,15,0.0126696480438113,0.0023791631907576502,0.0032696815129990005
2024-04-23,15,0.0054974043741822,0.0021613834184015003,0.003129317192360733
2024-04-24,15,-0.0196696035563945,0.0013476987221835,0.0031806892172122664
2024-04-25,15,0.1022436469793319,0.0014753184841682,0.0032895644350598003
2024-04-26,15,-0.0337307937443256,0.0015817723111601501,0.0032006368273868667
2024-04-29,15,-0.0202827751636505,0.0012333194936362001,0.0031390941003337
2024-04-30,15,0.0066346172243356,0.00243781831502895,0.003861464443616533
2024-05-01,16,0.0168437473475933,0.00445912011015185,0.001586273409581367
2024-05-02,16,0.0037209847941994,0.0048741112612083,0.002408226253464767
2024-05-03,16,0.0051424661651253,0.00445479740146515,0.0019431492934624
2024-05-06,16,0.0187386330217123,0.00476968987974825,0.0019769901409744666
2024-05-07,16,-0.0109196826815605,0.0044177924918693,0.0018772669524575
2024-05-08,16,0.0034243590198457,0.0037295314632378,0.0018197884395096998
2024-05-09,16,-0.0077077541500329,0.0030858649266464,0.0016184011474251333
2024-05-10,16,0.0029052589088678,0.0038526426961848,0.0016698093386366666
2024-05-13,16,0.0070948563516139,0.0007255119145680501,0.0012141553258212666
2024-05-14,16,0.0127392588183283,0.0016998757612834,0.002556161954998933
2024-05-15,16,0.0096804751083254,0.0024279061133050998,0.001707427999159867
2024-05-16,16,0.0107936328276991,0.0014289569322512002,0.0014705375457803001
2024-05-17,16,0.0048845838755369,0.0010959330496107,0.0018887736756975002
2024-05-20,16,0.0052566635422408,-0.00025893563632545214,0.001518996238398
2024-05-21,16,-0.0082654375582933,-0.00102613213458265,0.0007534437657643998
2024-05-22,16,-0.0160448979586362,-0.0011922069954427498,0.0018270538033296002
2024-05-23,16,0.0082973083481192,2.5884250581350047e-05,0.0017024038825183664
2024-05-24,16,0.0080576203763484,-0.00010607548820370003,0.0018839766271412002
2024-05-28,16,-0.0028345307800918,0.0002729079094834,0.0019750798043484
2024-05-29,16,-0.0215462632477283,-0.0005021262247624999,0.0005398831175019335
2024-05-30,16,0.0022659595124423,0.0005768739922046705,0.0016367402276955
2024-05-31,16,0.0038839830085635,0.0012995349567292498,0.0020455010235309
2024-06-03,17,0.0035804200451821,0.0004175011768231,0.0020198275645573333
2024-06-04,17,0.0093216691166162,0.0007403080183541501,0.0023842568431669997
2024-06-05,17,0.0075251562520861,0.00260210190475025,0.0028288230144728334
2024-06-06,17,-0.0128444423899054,0.00032097721824559576,0.0020252697480221
2024-06-07,17,0.0043038786388933,0.0002809645505283,0.0020572582337384
2024-06-10,17,0.0091993948444724,0.00124803874714885,0.002269272110424867
2024-06-11,17,0.0066244392655789,0.00064507461502235,0.0025090328417718
2024-06-12,17,-0.0147926919162273,-0.00182724240915535,0.0018705603433772334
2024-06-13,17,0.009305752813816,-0.001387863879540204,0.0022545796042928667
2024-06-14,17,0.0025454245042055,0.0016804205202652998,0.0027767677869026328
2024-06-17,17,-0.0121305081993341,0.0014460528455244501,0.0022072497910509002
2024-06-18,17,0.0069108000025153,0.0018110880940975498,0.002607712056487767
2024-06-20,17,0.0188882648944854,0.00340374872491295,0.0032429681159555335
2024-06-21,17,-0.0022824807092547,0.0010623166649503001,0.002296498006520133
2024-06-24,17,0.0268385801464319,0.00046645060263835,0.0022247893890986335
2024-06-25,17,-0.0008151779766194,0.0017520867992946,0.0022205183825765337
2024-06-26,17,0.0083206966519355,0.0012275345099939,0.0024950488004833004
2024-06-27,17,-0.0175827722996473,-0.00041499982599525455,0.0017848206528772333
2024-06-28,17,0.0046116583980619,0.0008559014488567999,0.0020870462370414997
2024-07-01,18,0.0122957387939095,0.0027961645457241,0.0017648118470484666
2024-07-02,18,0.0031310622580349,0.00117801355555125,0.0011066822723174998
2024-07-03,18,0.025723922997713,0.0025929502646062,0.0008445648709311999
2024-07-05,18,-0.0082372957840561,0.0013406351937726001,0.0008169481297954391
2024-07-08,18,-0.000264430331299,0.0044705612795467,0.002633788234864667
2024-07-09,18,0.0116412630304694,-0.001900704334997,-0.0008434640864530999
2024-07-10,18,-0.0293437838554382,8.884206972583279e-05,0.0006812341938105333
2024-07-11,18,-0.0026945169083774,-0.0003320439848318,0.00027287301296990003
2024-07-12,18,0.0078889047726988,0.0008331197607362999,0.0008386343251913668
2024-07-15,18,-0.0139924623072147,0.0031482763682544003,0.0015158043242990999
2024-07-16,18,-0.0157676711678504,0.00439833996984775,0.0017885720202078334
2024-07-17,18,-0.0183957647532224,0.0026122783324159004,0.001351682236418065
2024-07-18,18,-0.0001687836047494,0.0049275926247756,0.0020408153068274
2024-07-19,18,0.0225712060928344,0.00383921531750135,0.002972866951798367
2024-07-22,18,0.0006605972303077,0.0024846853434002,0.0014761576118568001
2024-07-23,18,-0.0503878220915794,0.0031115868425691,0.0010982778233786332
2024-07-24,18,-0.0309912525117397,0.00246859982933785,0.0015068092228223667
2024-07-25,18,-0.0016736224060878,0.00255772103057975,0.0016167523960271667
2024-07-26,18,0.015149462968111,0.0036982614620570497,0.002540454889337167
2024-07-29,18,0.0044830199331045,0.00414166286776195,0.0022317840872953
2024-07-30,18,0.0073404205031692,0.00568549279009785,0.0023468042879054665
2024-07-31,18,-0.0045469575561583,0.0053714459270845,0.0021510082297026664
2024-08-01,19,-0.0240104235708713,-0.0009706682621215502,0.0013713060567776
2024-08-02,19,-0.0444616675376892,0.0006234970779444,0.0013098422981177333
2024-08-05,19,-0.0060283127240836,0.0030848905379825,0.0013342780681947334
2024-08-06,19,0.0041064377874135,0.0047547414368891,0.0016934173181652335
2024-08-07,19,0.019441170617938,0.0075810522676731,0.0020636007344970665
2024-08-08,19,0.0101217273622751,0.01015616803404935,0.0021814941040550332
2024-08-09,19,-0.0084316479042172,0.01023594326314575,0.0015396631400410997
2024-08-12,19,0.0115225929766893,0.0082130185264104,0.0013189609550560335
2024-08-13,19,-0.0230872556567192,0.0069123110669606,0.0014551548908153667
2024-08-14,19,0.0057991039939224,0.0070098870338226,0.0015861861951028
2024-08-15,19,0.0102913957089185,0.0054829446534567505,0.0015185033359254002
2024-08-16,19,0.0227663032710552,0.00587798095596365,0.0018622692441567668
2024-08-19,19,0.0030597739387303,0.0053432711033398,0.0015938971191644332
2024-08-20,19,-0.0079551739618182,0.0049473351432258,0.0014237992775936335
2024-08-21,19,-0.0123608103021979,0.0033350069942825,0.0010859212682892332
2024-08-22,19,0.0111112119629979,0.00223216415823495,0.0012233166101698334
2024-08-23,19,0.0032604420557618,0.0014438117254773,0.0010938727452108668
2024-08-26,19,-0.008907132782042,0.0010744725918645,0.0012397091680516335
2024-08-27,19,-0.0111124496906995,0.00025572596176215,0.0009942502559472665
2024-08-28,19,-0.0065704132430255,-0.00022622648568205008,0.0011027911871981334
2024-08-29,19,0.0098900012671947,0.0006991457525889,0.0011161840908849665
2024-08-30,19,-0.0368466563522815,0.0011000695853742,0.0010695250627273667
2024-09-03,20,-0.005782872904092,-0.00129236178618315,0.0005766188260167667
2024-09-04,20,0.0050496188923716,-0.0017995658413311002,0.00046415227310109996
2024-09-05,20,-0.0401933975517749,-0.0018215231680115502,0.00037329116215306673
2024-09-06,20,-0.0133360615000128,-0.0021588156082471503,-0.00046178981817016665
2024-09-09,20,-0.0003361959825269,-0.0022911565461,-0.0009412435853543057
2024-09-10,20,0.0168169997632503,-0.0020237482235571,0.0015702352393418334
2024-09-11,20,0.0233527589589357,-0.00162211303494775,-0.0012810754900177003
2024-09-12,20,0.0179066285490989,-0.00131567419459995,-0.0020027596813936665
2024-09-13,20,0.0038104564882814,-0.00122068292893025,-0.0005387705168687
2024-09-16,20,0.007971747778356,1.883484993225003e-05,0.0004233578608060917
2024-09-17,20,0.0030754993204027,0.0016506560064116502,0.0012812577770091333
2024-09-18,20,0.0145798092707991,0.0035517126239100498,0.0007048311720912666
2024-09-19,20,0.0089429719373583,0.004592012512610251,0.0010567468319398333
2024-09-20,20,-0.0106362765654921,0.0049019968979996,-9.987483887633378e-06
2024-09-23,20,0.0027184274513274,0.00527809848124205,0.0006710296535553666
2024-09-24,20,-0.0049294019117951,0.0054097678264936,0.0002408296762344667
2024-09-25,20,0.0076784989796578,0.0044558280831536,0.0008947609070067334
2024-09-26,20,0.0074970964342355,0.00257246325828225,0.0011253147191989
2024-09-27,20,0.0115890251472592,0.0005967494948962744,0.0015596777860385665
2024-09-30,20,0.0068735517561435,-0.0005774205633243501,-0.0002561516788167333
2024-10-01,21,-0.0067669334821403,-0.00180292115777595,0.0010565764969214665
2024-10-02,21,0.0,-0.00228220314349875,0.0007723321129257332
2024-10-03,21,0.0072349510155618,-0.0015332574157057,0.0006093186578558311
2024-10-04,21,-0.0244223792105913,-0.0050511001770963005,4.020845517516671e-05
2024-10-07,21,0.0085901208221912,-0.00366284788388,-0.0005384644803901333
2024-10-08,21,-0.0153304142877459,0.0002587345622632501,0.0007019652305946764
2024-10-09,21,0.0013592721661552,0.00045504864955674997,0.0005392799794208666
2024-10-10,21,0.0071570067666471,0.0027679802728381,0.0019133849806772666
2024-10-11,21,0.0105366669595241,-0.00541187834500445,-0.00010008791772026669
2024-10-14,21,0.0030309630092233,-0.0033101672632425,0.00043851369991899984
2024-10-15,21,-0.0018131566466763,-0.0032118088913531996,-0.00013376225251699988
2024-10-16,21,-0.0135021060705184,-0.00013299851500840002,0.0015326583525166
2024-10-17,21,0.0030075449030846,-0.0061577420680478,0.0003144894144498
2024-10-18,21,0.0039776088669896,-0.00194595657053925,0.0008406716709335665
2024-10-21,21,0.0065214191563427,-0.0033845813611727,0.00030538882128896676
2024-10-22,21,-0.0142908841371536,-0.0009780332958384,0.0008266438962891334
2024-10-23,21,-0.0003685639821924,-0.00104289558630045,0.0014387262829889998
2024-10-24,21,0.015671158209443,-0.00035152059387365004,0.0011017435075093998
2024-10-25,21,0.0087735094130039,0.00014534423876960006,0.0013001508001858665
2024-10-28,21,0.0177540797740221,-0.0010968231416521499,0.0009763544658198666
2024-10-29,21,0.0281708799302577,-0.0016956889416286,0.0007607299679269334
2024-10-30,21,-0.0192021280527114,-0.0035706448757875002,0.0007992388952213
2024-10-31,21,0.0010518644703552,0.00161943311903005,0.0016775405189643
2024-11-01,22,-0.0119679644703865,0.0013442130610109,0.0008272087628331667
2024-11-04,22,0.0029544930439442,0.00246378660300135,0.0010313254897482333
2024-11-05,22,0.0398843511939048,0.0023951824898561,0.0007616644143126333
2024-11-06,22,0.0240214113146066,0.0012654974025388,0.0007842069026082333
2024-11-07,22,-0.0132779702544212,0.0015056802647015499,0.0012518464742849
2024-11-08,22,0.0112138865515589,0.0011254289825866999,0.0009497342786440665
2024-11-11,22,0.0070417677052319,0.0014079015826159,0.0009471053878465667
2024-11-12,22,-0.0150864152237772,0.0012264895128312,0.0007986826434110333
2024-11-13,22,-0.0184480808675289,0.0012799390740820499,0.0008677074220030667
2024-11-14,22,-0.0175987873226404,0.00025613625406875005,0.0007699382258578667
2024-11-15,22,0.016290821135044,-0.0001306160033151,0.0008982666768133002
2024-11-18,22,0.0160865504294633,-0.0006655154840182001,0.0008531783241778
2024-11-19,22,-0.0120142884552478,-0.0019550312375639,0.0006162963594154333
2024-11-20,22,-0.047448419034481,-0.00354157512832925,0.0009756210686948999
2024-11-21,22,-0.0171213038265705,-0.0032540304341894997,0.000997130642645
2024-11-22,22,0.0175407417118549,-0.0014966335772472,0.0009278689006653332
2024-11-25,22,0.0087682455778121,0.00442259429570325,0.001240355777554167
2024-11-26,22,0.0006504605407826,0.0026514433142827,0.0011547614121809333
2024-11-27,22,-0.001654592109844,-0.00419230746551485,0.0010497051213556668
2024-11-29,22,0.015034195035696,-0.00926037362931215,0.0008889338932930999
2024-12-02,23,-0.0008747901883907,-0.0020670347510041,0.0002949324358875667
2024-12-03,23,0.0176842287182807,-0.00207267763448365,0.00035084741345293996
2024-12-04,23,-0.0099214576184749,-0.001474446769631,0.0003434540703892333
2024-12-05,23,0.0119902146980166,-0.0006794462864262499,0.00042107375338676665
2024-12-06,23,0.0049280766397714,6.988118383559995e-05,0.00030470526932426667
2024-12-09,23,0.0558819137513637,0.0012572410398115,7.409146443631187e-05
2024-12-10,23,0.0552463792264461,0.0019700541963665,0.00033336505293844065
2024-12-11,23,-0.0176047310233116,0.00197966557936985,0.0003090482205152667
2024-12-12,23,-0.0111482413485646,0.0016730158637302001,0.00029482676958046667
2024-12-13,23,0.0360341779887676,0.0015652508229813,0.0002365843004857667
2024-12-16,23,-0.0063054063357412,0.0022821729874103,0.00028797751292583687
2024-12-17,23,-0.0359225571155548,0.00202412575492875,0.0003673102085788929
2024-12-18,23,0.000583796063438,0.0027349400148751002,0.0005609437357634333
2024-12-19,23,0.0153838023543357,0.00352340595441445,0.0005545633612200334
2024-12-20,23,0.0168225541710853,0.0044351601787866995,0.0003964841210593334
2024-12-23,23,0.0076041803695261,0.00428418766716735,0.0004988361227636334
2024-12-24,23,-0.0026005837135016,0.0045869553798674,0.0005502337201808667
2024-12-26,23,-0.0145194940268993,0.0027064798271148,0.0003374047034109667
2024-12-27,23,-0.0078852865844964,-0.00011835808419165001,0.00030894767648230063
2024-12-30,23,-0.0101444125175476,-0.0008774283576804001,0.00031909381505100813
2024-12-31,23,0.0006867047632113,-0.0005466346990452,0.00034382283532370005
2025-01-02,24,0.01245838124305,0.0017583609953760499,0.0018494486575946001
2025-01-03,24,0.0264874584972858,0.00250032843348285,0.0018985259036222665
2025-01-06,24,-0.0070097125135362,0.00225751420050085,0.0018099008593707667
2025-01-07,24,-0.0078776627779006,0.00307796441671555,0.0023513582224646665
2025-01-08,24,-0.0098480219021439,0.0027791896582294,0.002025544352363733
2025-01-10,24,-0.0053634070791304,0.0028559317788918997,0.0021998192726944334
2025-01-13,24,-0.0070676570758223,0.00291331875068865,0.0015709886210970002
2025-01-14,24,0.0310555603355169,0.0037641572035252997,0.0016029082471504333
2025-01-15,24,-0.01350037753582,0.00358530175616285,0.0017242126632481334
2025-01-16,24,0.0160178132355213,0.00340905420154215,0.0015526460483669664
2025-01-17,24,0.0104592870920896,0.0030535014008425997,0.0015991312296440002
2025-01-21,24,0.0016156987985596,0.00297960808275015,0.0019373904603222332
2025-01-22,24,-0.0019659975077956,0.0032209984674262003,0.002025201218202667
2025-01-23,24,0.0112636750563979,0.00267677585525235,0.0017733999605600665
2025-01-24,24,-0.0419558882713317,0.0020683810552086504,0.0015842159045859998
2025-01-27,24,0.0181950591504573,0.0031307861248035,0.0017324698468049
2025-01-28,24,0.0005632488755509,0.0031830641220355997,0.0016528485187639332
2025-01-29,24,0.0279412809759378,0.0032647167645465003,0.0016304228532438
2025-01-30,24,0.015681704506278,0.0033642085111817,0.0016625357869391331
2025-01-31,24,-0.0136751206591725,0.0024275569868507,0.0018675481745351668
2025-02-03,25,0.02559270337224,0.00206933829086195,0.0018147782733042666
2025-02-04,25,-0.0729237273335456,-0.0006994285117525,0.0018468917502710667
2025-02-05,25,0.0014111191267147,0.0008165449749338895,0.0019314636010676334
2025-02-06,25,-0.0326722413301467,0.006441301782785701,0.0020977392947921334
2025-02-07,25,0.0060969213955104,0.0102991602455213,0.0024341203582783
2025-02-10,25,-0.0061670979484915,0.00742904306125205,0.0017908926044279997
2025-02-11,25,-0.0092274164780974,0.0078137979836699,0.002299390966072667
2025-02-12,25,0.0137792686000466,0.00025542046175895,0.0018807738088071
2025-02-13,25,-0.0048889489844441,0.00330805429448325,0.0018579409224912333
2025-02-14,25,-0.0078819869086146,0.001037261007775,0.0020523270747313336
2025-02-18,25,0.0081624183803796,-0.00018891844268190008,0.0015075411453532334
2025-02-19,25,-0.0038323241751641,0.0055145796460784,0.0022982847488795
2025-02-20,25,-0.0265495795756578,0.00094755165506215,0.0017509933871526998
2025-02-21,25,-0.0022820937447249,-0.0006262028253627,0.0018431441664384666
2025-02-24,25,-0.0213668327778577,0.0044928098750363,0.0022389848406115668
2025-02-25,25,-0.0153346173465251,0.0060131818415173,0.0020549454881498334
2025-02-26,25,-0.024489015340805,0.0032694929778151003,0.0019876669005801
2025-02-27,25,0.0105637069791555,0.0071677847105759,0.0021408267008761
2025-02-28,25,-0.0192036926746368,0.0060603321602764,0.0019945796035850667
2025-03-03,26,0.0234118551015853,0.00251625593201705,0.0008700514833132332
2025-03-04,26,0.0122864758595824,0.0026453251336653,0.0004481863191661667
2025-03-05,26,-0.003872400149703,0.002559582804418,0.00043023282584423334
2025-03-06,26,0.0087611256167292,0.00288009309711465,0.0005982652461776666
2025-03-07,26,-0.0448577292263507,0.0030327894868196,0.0008748479497929333
2025-03-10,26,-0.0110327741131186,0.00316458299263355,0.0003189416408228332
2025-03-11,26,0.0187150947749614,0.00342252849051245,0.0005949853609005332
2025-03-12,26,-0.0260308030992746,0.0041256196940185,0.0010940521800269333
2025-03-13,26,0.0167732033878564,0.00401772061864445,0.0009162435308098666
2025-03-14,26,-0.0072513208724558,0.0033675254465879,0.0006566840068747332
2025-03-17,26,-0.0220342129468917,0.0031598717117549,0.0006021925558646334
2025-03-18,26,0.0200411025434732,0.00232185671607565,0.0005882307110974999
2025-03-19,26,-0.0066507547162473,0.0018950545779381,0.0005077527215083333
2025-03-20,26,0.0073095764964818,0.0022013823412226,0.0006080988484124
2025-03-21,26,0.0225013867020607,0.0016701638609038002,0.0007927746822436332
2025-03-24,26,0.0171754918992519,0.0016433461945371,0.0007974327697107666
2025-03-25,26,-0.0322466902434825,0.0016780306844839002,0.0006848112680017999
2025-03-26,26,-0.0170845538377761,0.0010627501612481,0.0007544451703628
2025-03-27,26,-0.0487549118697643,0.0009292137486727408,0.0005662375284979666
2025-03-28,26,0.0020085624419152,0.00104409827300795,0.0006179854584236667
2025-03-31,26,0.0157139264047145,0.0010139651564833,0.0006337674955526665
2025-04-01,27,-0.0001910302235046,0.00110663239737115,0.00018007967931530004
2025-04-02,27,-0.0402444414794445,0.0007666905977821,-6.639612062523336e-05
2025-04-03,27,-0.0339703522622585,0.00011025585986889998,-0.00021315591099356664
2025-04-04,27,0.0078983679413795,9.813620989369999e-05,-6.436141363033337e-05
2025-04-07,27,-0.0139692509546875,0.00025603674710805,-6.597178677716659e-05
2025-04-08,27,0.0968209207057952,0.0009443279711267,-4.076573532076663e-05
2025-04-09,27,-0.0371117144823074,0.0008603556052151,2.33034758518e-05
2025-04-10,27,0.0282685682177543,0.0012355415979215,-0.0001754115607278999
2025-04-11,27,0.0122821247205138,0.00060797696638135,-0.0002120060768599
2025-04-14,27,-0.0173509251326322,0.0013226737798394499,-0.00012721171757826668
2025-04-15,27,-0.0190647337585687,0.0009933407152726,-9.100657189263332e-05
2025-04-16,27,-0.0141524346545338,0.00017273238516545,-5.136319668960003e-05
2025-04-17,27,-0.0230882447212934,0.0014781605841556,0.00012490017494806664
2025-04-21,27,0.0257331635802984,0.0009444572467412001,-0.00017682569644723333
2025-04-22,27,0.025615694001317,0.0008921190728863577,0.00014765797338139996
2025-04-23,27,0.0252976957708597,0.00039769589922405,-0.00013121182564646664
2025-04-24,27,0.0168257355690002,-0.0006266932540708001,-6.975320866330005e-05
2025-04-25,27,-0.0083353957161307,-0.00099035556692775,0.0003382146048048947
2025-04-28,27,-0.002801819704473,-0.0010430875167638,-0.0003131225821562333
2025-04-29,27,-0.0084915552288293,-0.0010661255076916,-5.39719282339e-05
2025-04-30,27,0.0157429967075586,-0.0005918970243494001,3.02932069966621e-07
2025-05-01,28,0.0169250275939703,0.00271756303945285,-6.737804505973332e-05
2025-05-02,28,0.0010974542237818,0.0017637919682513812,0.0018112427787854667
2025-05-05,28,-0.0059680226258933,-0.0013244854942951999,-0.0009662818241243333
2025-05-06,28,-0.0725969597697258,0.00082575863095575,0.00044423753085236667
2025-05-07,28,0.0191571898758411,0.00023207643063335006,-0.0007583392628779001
2025-05-08,28,-0.0099171381443738,0.00151317390662235,0.0006506344943772666
2025-05-09,28,0.0373813435435295,0.0043875615066876,0.0014497281129781667
2025-05-12,28,0.0067524537444114,0.0031843661199458502,0.0015740779150898
2025-05-13,28,0.0366076119244098,0.0016172244005219,0.0022630179688955
2025-05-14,28,-0.0085264015942811,-0.0004893943370391399,0.0008795276420035
2025-05-15,28,0.0136009911075234,-0.0013378135686427,-0.001271358923986567
2025-05-16,28,0.0021058914717286,-0.0021983501958538496,0.0005782812659162737
2025-05-19,28,-0.0153715806081891,-0.0014392420925092,-0.0017395901571338336
2025-05-20,28,0.0279302094131708,0.0004908427560580381,0.00011280214918469999
2025-05-21,28,0.01370429713279,-0.0008230399179625502,7.541520365823334e-05
2025-05-22,28,-0.0140458336099982,0.0011710871341484,0.0021095958460742663
2025-05-23,28,0.0262954905629158,0.003184015479294,0.0020965037401765
2025-05-27,28,-0.0031231062021106,0.00204554455153475,0.0013421288555643003
2025-05-28,28,-0.0029010153375566,0.0009603126706555,-0.0008048286351064666
2025-05-29,28,-0.0006980948382988,0.003563221143211,0.0026042950921691664
2025-05-30,28,-0.0157796256244182,0.0034565289490349,0.00019751101111369995
2025-06-02,29,-0.0168610718101263,0.0024055601422494997,0.0012433518810818
2025-06-03,29,0.0112528763711452,0.0020654714971801,0.0006935540586709667
2025-06-04,29,0.000952290429268,0.0030437517216725498,0.0016381401025378998
2025-06-05,29,0.0325187183916568,0.0012152008652955,0.0015758346902051002
2025-06-06,29,0.0151034109294414,0.00072675873751495,0.0006190984277054495
2025-06-09,29,0.0142542552202939,0.0007424232488468,-0.0002113218652084667
2025-06-10,29,-0.0069989399053156,-0.00079464031635905,-0.00015411669543633337
2025-06-11,29,-0.0093037094920873,-0.00035398914222065,2.085747352493338e-05
2025-06-12,29,-0.0058622066862881,0.0012064865025215,0.0005484252857664999
2025-06-13,29,0.0120226945728063,0.0010542457001079001,0.0004195241781417
2025-06-16,29,-0.0046388478949666,0.00147594766579305,0.0020087579032406003
2025-06-17,29,-0.0149473333731293,0.00153861388720925,0.0014104722455764334
2025-06-18,29,-0.0385414771735668,0.0010111327701615,0.0004077556077391
2025-06-20,29,-0.0087014632299542,-0.00132006775003715,5.2005518227800016e-05
2025-06-23,29,0.0095648616552352,0.0024079734020064,0.0024577228274817
2025-06-24,29,0.0234453305602073,0.0034440674198318,0.0026700589029739
2025-06-25,29,0.0167565885931253,0.00317621617111775,0.002310101757757333
2025-06-26,29,0.0287541914731264,0.00015485584513920002,0.0003442751864592333
2025-06-27,29,-0.0128831025213003,0.00015405071722385,0.0005268518677136333
2025-06-30,29,-0.0022129733115434,0.0006539200685799,4.1329301893733337e-05
2025-07-01,30,0.0159235689789056,-0.00071015084044125,0.00046708683172863325
2025-07-02,30,0.0049821017310023,0.00142964664164715,0.0010774981565191042
2025-07-03,30,-0.0152620812878012,0.001441654263824323,0.0008384517883920887
2025-07-07,30,-0.0137451076880097,0.00117767444397506,0.0004017407579037333
2025-07-08,30,0.012961664237082,0.0017162209340790499,0.0012907796384145666
2025-07-09,30,0.0056619048118591,0.002756608969437,0.0007728557199394668
2025-07-10,30,0.014469176530838,0.00470704339452765,0.0026991096480439
2025-07-11,30,0.0076029617339372,0.0020669380828038,0.0011119217379018667
2025-07-14,30,0.0024235052987933,0.0002798413150903011,-0.0002011227964734
2025-07-15,30,0.0053297039121389,-0.00200490471920275,-0.00011523845993600002
2025-07-16,30,0.0033337855711579,-0.00154446425138975,0.0008670782553963
2025-07-17,30,0.0080619426444172,-0.0006223013152873,0.0009476237464696
2025-07-18,30,0.0272344462573528,-0.0007959615502758,0.0004607918090187334
2025-07-21,30,0.0065228058956563,-0.0007542947563446245,0.0005731356213800667
2025-07-22,30,-0.0058011561632156,-0.000906914864697,0.0008883766034462666
2025-07-23,30,0.0101980846375226,-0.0012323289142684,0.0006652413479362666
2025-07-24,30,0.0052557648159563,-0.00157446274897845,0.0008178994467015989
2025-07-25,30,-0.0031058499589562,-0.00065202908730115,0.0010297046101186166
2025-07-28,30,0.01646070741117,0.00128784454441235,0.0005984511129403001
2025-07-29,30,0.003984672948718,0.00087402754762045,0.0005250257575729001
2025-07-30,30,-0.0235587935894727,0.00043292267507984996,0.0006968879800600667
2025-07-31,30,-0.0144345266744494,0.00066606545458505,0.0009247832252488666
2025-08-01,31,0.031248290091753,0.0023250377934145,0.0009393095679115335
2025-08-04,31,-0.0018970612436532,0.0020820871597298503,0.0037470519115837667
2025-08-05,31,0.0072944601997733,0.0034432522233256,0.004235241406907567
2025-08-06,31,0.0021928788628429,-0.00017768742161960007,0.00019541072833816642
2025-08-07,31,0.0249337926506996,6.577718295020006e-05,-0.0015703602693974998
2025-08-08,31,-0.0020851537119597,-0.0021279620269174,-0.0024708086469521
2025-08-11,31,0.0116417873650789,0.0016310822599073,0.0013601575434828335
2025-08-12,31,-0.0067866779863834,-0.0014001257293294002,-0.002576564361030833
2025-08-13,31,0.0048524504527449,0.00143319418218355,0.0022826947970315667
2025-08-14,31,0.00473044347018,-0.00057680792132285,-0.002483575255610033
2025-08-15,31,-0.0019617569632828,0.0016163615447675,0.0015595667840292001
2025-08-18,31,-0.0094839660450816,0.0021387560948836998,0.0035242750309407663
2025-08-19,31,-0.0111623806878924,0.00185829582090735,0.0018092090273664
2025-08-20,31,0.0021573430858552,0.00168445416206385,0.0004213646752760001
2025-08-21,31,0.031739629805088,0.0036255417989378997,0.004113603938700764
2025-08-22,31,0.0116453887894749,0.00275449018724865,0.0012243545109716333
2025-08-25,31,-0.0064751487225294,0.00138745855939525,-0.0013197396571437336
2025-08-26,31,0.0016414185520261,-0.0009661268522531499,-0.0011731016760071
2025-08-27,31,0.0200501196086406,-0.0012177983449110003,-0.002804786742975267
2025-08-28,31,0.0060008293949067,0.00043764840528424985,-0.0014262966966877332
2025-08-29,31,-0.0073270369321107,0.0014286408696415499,-0.0016374684249361334
2025-09-02,32,0.0913650393486023,0.0020201332830765,0.0023914402117952336
2025-09-03,32,0.0071099787019193,0.00223385144126945,0.002269305967880967
2025-09-04,32,0.0116229327395558,0.00142139892195695,0.0020247808424755332
2025-09-05,32,-0.0031944171059876,0.00158879961454655,0.0024058854905888
2025-09-08,32,0.0238848216831684,0.00169159131692135,0.002541554975323367
2025-09-09,32,-0.001919635455124,0.0015201070076727,0.002158388223809433
2025-09-10,32,0.0050173648633062,0.0012744568251946,0.0021153810666873665
2025-09-11,32,0.0017889050068333,0.0012421158338838,0.0022237160786365002
2025-09-12,32,0.0448920242488384,0.0015245983107888001,0.0023068122488135666
2025-09-15,32,-0.0017884869594126,0.0014217994754928,0.0018716420842489667
2025-09-16,32,-0.0064898962154984,0.0015566971582302,0.0023370186875884334
2025-09-17,32,0.0100188413634896,0.00184136509997185,0.002044674853095767
2025-09-18,32,0.0106733571738004,0.0018082692717143,0.0023952718668927334
2025-09-19,32,-0.0085976747795939,0.0017067171596863,0.0025109787238760998
2025-09-22,32,-0.0034451321698725,0.00158098872852855,0.0025307970742384
2025-09-23,32,-0.0179607346653938,0.00185357916270725,0.0022749700389491667
2025-09-24,32,-0.0054625668562948,0.0016660857360604,0.0024717319756746
2025-09-25,32,0.0030513936653733,0.0020834138580538997,0.0021730630542151335
2025-09-26,32,-0.0100997211411595,0.00207620565415705,0.0029226945480331002
2025-09-29,32,-0.0038926135748624,0.00181613519059295,0.0019549052619064664
2025-09-30,32,0.0074043166823685,0.00191687941187405,0.0025707479023064
2025-10-01,33,0.003225831547752,0.0017718670102353502,0.0029124130960553334
2025-10-02,33,-0.0013838779414072,0.00235560370185925,0.0027763093433652666
2025-10-03,33,0.020705098286271,0.0026667340529940003,0.002792938224350333
2025-10-06,33,-0.0186479222029447,0.0026181715892136,0.0020722708140965334
2025-10-07,33,-0.0046386593021452,0.0026645619308084,0.0025735922390594666
2025-10-08,33,-0.0126318456605076,0.0028309269213906496,0.0024940510047599
2025-10-09,33,-0.020535746589303,0.0031429770069015,0.0035828419689399003
2025-10-10,33,0.032041247934103,0.0029523469379029,0.0023954673670231667
2025-10-13,33,0.0053245886228978,0.0031836357565415002,0.0036862407966205997
2025-10-14,33,0.0227337647229433,0.00297029650560315,0.0035179621384789
2025-10-15,33,0.0017129391198977,0.002465451450783,0.0028110094911728664
2025-10-16,33,0.0073173027485609,0.00169808076484795,0.0025750742837165335
2025-10-17,33,0.012830588966608,0.0011592372555725,0.002504987370533167
2025-10-20,33,-0.0237380433827638,0.0011468629631537,0.0029220594636474666
2025-10-21,33,0.0049109891988337,0.00128213895061565,0.0025678262463769996
2025-10-22,33,0.0055226366966962,0.00147207908908345,0.002388405031524533
2025-10-23,33,0.0270271338522434,0.00234826140960725,0.004036825227861567
2025-10-24,33,0.03597242385149,0.0024424827528974997,0.0020873059111181334
2025-10-27,33,-0.0066846450790762,0.0020189162720512,0.0018839076316604665
2025-10-28,33,0.0265450645238161,0.0012700875782924999,0.0027007150541369335
2025-10-29,33,0.0251666381955146,0.0007829052794510153,0.0026264253926152666
2025-10-30,33,-0.0010303218150511,0.00029038070045,0.0023150378838180997
2025-10-31,33,0.0089974915608763,7.635276108570001e-05,0.0026862391193086667
2025-11-03,34,-0.0217820517718791,0.005051281184841799,0.002476344583556
2025-11-04,34,0.0243928413838148,0.0055310421473986505,0.0019525568156192336
2025-11-05,34,0.0015476606786251,0.005217959034076849,0.0017249878631749045
2025-11-06,34,-0.0207902994006872,0.0054266972318000005,0.002166091619680267
2025-11-07,34,0.0404190123081207,0.0050506963142649495,0.0023986129866291664
2025-11-10,34,0.0041709374636411,0.0042980613091841,0.002652789388472767
2025-11-11,34,-0.0157907102257013,0.00432884611195595,0.002922028341951434
2025-11-12,34,-0.0283910389989614,0.002887029981162,0.0020882578101008333
2025-11-13,34,-0.0077539281919598,0.0024137104076687502,0.0019357598891170998
2025-11-14,34,0.031149374321103,0.0026624784631601502,0.002337599483629033
2025-11-17,34,-0.0025962588842958,0.0035049462412176,0.0030246341290572666
2025-11-18,34,0.0300055928528308,0.0030659006759233,0.002232421926843567
2025-11-19,34,-0.0114749651402235,0.00230382618863945,0.0015811347790683
2025-11-20,34,0.0352737307548522,0.0020997915733314,0.0026383685180917
2025-11-21,34,0.0631381943821907,0.0023883812602674,0.0023876796864593336
2025-11-24,34,0.0152552546933293,0.00321531514712325,0.0021494600223377
2025-11-25,34,-0.0107902009040117,0.00446035745628825,0.0022577369042361
2025-11-26,34,0.0007187941810116,0.00521181876209445,0.0025238435870657
2025-11-28,34,-0.016521917656064,0.006126048773498,0.0026496290229260666
2025-12-01,35,0.0029215721879154,0.00476956597142455,0.004032498497205434
2025-12-02,35,0.0120959840714931,0.0030039445164499,0.0010376298644890333
2025-12-03,35,-0.00628855638206,0.00765493141743345,0.005015890851306367
2025-12-04,35,0.0114916218444705,0.00269645066698845,0.0023600698526327663
2025-12-05,35,-0.0228616669774055,-0.00045719057231474996,0.0004101801508416666
2025-12-08,35,0.0107101406902074,0.0031255277780535,0.0010440582700539
2025-12-09,35,0.0098713412880897,0.0040430010882875,0.0024635848434020665
2025-12-10,35,-0.0242965519428253,0.00466154982137415,0.003484520711936
2025-12-11,35,-0.010050200857222,0.0075933486387369,0.004391118651255934
2025-12-12,35,-0.0034595599863678,0.00506779824349625,0.0032856262599427997
2025-12-15,35,-0.0053532994352281,0.00251060214382375,0.00311412778683
2025-12-16,35,-0.0321297124028205,0.0044995283000231,0.005762847062821166
2025-12-17,35,0.0193448048084974,0.00483867391904965,0.0025170213387658
2025-12-18,35,0.0155392857268452,0.00151168795106115,0.0017149132521202001
2025-12-19,35,0.0085297403857111,0.0005514556144040501,0.001603055609545367
2025-12-22,35,0.0147524289786815,0.00500829519573495,0.004926488424340833
2025-12-23,35,-0.0008271345868706,0.0017757245076679999,-0.0007547713563933
