Date,Ticker,Final_Sentiment,Article_Count
2022-01-01,GOOGL,0.0,2
2022-01-02,GOOGL,0.0,0
2022-01-03,GOOGL,-0.4316,2
2022-01-04,GOOGL,0.1965,2
2022-01-05,GOOGL,0.0,0
2022-01-06,GOOGL,0.0,0
2022-01-07,GOOGL,0.0,0
2022-01-08,GOOGL,0.0,0
2022-01-09,GOOGL,0.0,0
2022-01-10,GOOGL,0.0,2
2022-01-11,GOOGL,0.0,1
2022-01-12,GOOGL,0.0,0
2022-01-13,GOOGL,0.0,0
2022-01-14,GOOGL,-0.0431,3
2022-01-15,GOOGL,0.0,0
2022-01-16,GOOGL,0.0,1
2022-01-17,GOOGL,0.0,3
2022-01-18,GOOGL,0.0,0
2022-01-19,GOOGL,0.0,0
2022-01-20,GOOGL,0.0,0
2022-01-21,GOOGL,0.0,0
2022-01-22,GOOGL,0.0,0
2022-01-23,GOOGL,0.0,0
2022-01-24,GOOGL,0.0,2
2022-01-25,GOOGL,0.0,0
2022-01-26,GOOGL,0.0,0
2022-01-27,GOOGL,0.0,0
2022-01-28,GOOGL,-0.773,2
2022-01-29,GOOGL,0.0,1
2022-01-30,GOOGL,0.2883,2
2022-01-31,GOOGL,0.0,0
2022-02-01,GOOGL,0.9407,2
2022-02-02,GOOGL,-0.4847,2
2022-02-03,GOOGL,-0.6564,2
2022-02-04,GOOGL,-0.896,1
2022-02-05,GOOGL,0.0,0
2022-02-06,GOOGL,-0.9499,1
2022-02-07,GOOGL,0.0,0
2022-02-08,GOOGL,-0.9731,1
2022-02-09,GOOGL,0.3345,3
2022-02-10,GOOGL,-0.9696,1
2022-02-11,GOOGL,0.0,0
2022-02-12,GOOGL,0.0,0
2022-02-13,GOOGL,0.0,0
2022-02-14,GOOGL,0.0,0
2022-02-15,GOOGL,0.2351,4
2022-02-16,GOOGL,0.0,0
2022-02-17,GOOGL,0.0964,2
2022-02-18,GOOGL,-0.9592,1
2022-02-19,GOOGL,0.0,0
2022-02-20,GOOGL,0.4041,2
2022-02-21,GOOGL,0.0,1
2022-02-22,GOOGL,-0.3219,2
2022-02-23,GOOGL,0.3783,2
2022-02-24,GOOGL,0.0,0
2022-02-25,GOOGL,0.4521,1
2022-02-26,GOOGL,0.0,1
2022-02-27,GOOGL,0.1016,1
2022-02-28,GOOGL,0.0,0
2022-03-01,GOOGL,-0.7668,1
2022-03-02,GOOGL,-0.1522,4
2022-03-03,GOOGL,0.0224,2
2022-03-04,GOOGL,0.0,0
2022-03-05,GOOGL,0.0,1
2022-03-06,GOOGL,0.0,0
2022-03-07,GOOGL,-0.4493,2
2022-03-08,GOOGL,0.0,2
2022-03-09,GOOGL,0.0,1
2022-03-10,GOOGL,0.0,0
2022-03-11,GOOGL,-0.1534,2
2022-03-12,GOOGL,0.0,0
2022-03-13,GOOGL,0.0,3
2022-03-14,GOOGL,-0.8723,1
2022-03-15,GOOGL,-0.1743,1
2022-03-16,GOOGL,-0.2723,3
2022-03-17,GOOGL,0.0,3
2022-03-18,GOOGL,-0.1757,4
2022-03-19,GOOGL,0.0,0
2022-03-20,GOOGL,0.0,0
2022-03-21,GOOGL,0.0,1
2022-03-22,GOOGL,-0.9402,1
2022-03-23,GOOGL,0.0,1
2022-03-24,GOOGL,0.0,0
2022-03-25,GOOGL,-0.5312,2
2022-03-26,GOOGL,-0.3902,3
2022-03-27,GOOGL,0.0,0
2022-03-28,GOOGL,0.0,2
2022-03-29,GOOGL,0.0,2
2022-03-30,GOOGL,0.0,1
2022-03-31,GOOGL,0.0,1
2022-04-01,GOOGL,0.0,0
2022-04-02,GOOGL,-0.19,3
2022-04-03,GOOGL,0.0,1
2022-04-04,GOOGL,0.2792,3
2022-04-05,GOOGL,0.0,3
2022-04-06,GOOGL,-0.2703,1
2022-04-07,GOOGL,0.0,2
2022-04-08,GOOGL,0.0,0
2022-04-09,GOOGL,0.0,0
2022-04-10,GOOGL,0.0,0
2022-04-11,GOOGL,-0.4828,2
2022-04-12,GOOGL,-0.2238,2
2022-04-13,GOOGL,0.0,0
2022-04-14,GOOGL,-0.5115,2
2022-04-15,GOOGL,-0.373,2
2022-04-16,GOOGL,0.0,0
2022-04-17,GOOGL,0.8742,1
2022-04-18,GOOGL,-0.3523,2
2022-04-19,GOOGL,0.6973,4
2022-04-20,GOOGL,0.0,1
2022-04-21,GOOGL,0.0,1
2022-04-22,GOOGL,-0.4877,2
2022-04-23,GOOGL,0.008,2
2022-04-24,GOOGL,0.7836,2
2022-04-25,GOOGL,-0.8683,4
2022-04-26,GOOGL,0.0,0
2022-04-27,GOOGL,-0.7291,2
2022-04-28,GOOGL,0.0,0
2022-04-29,GOOGL,-0.608,2
2022-04-30,GOOGL,0.0,0
2022-05-01,GOOGL,0.1702,1
2022-05-02,GOOGL,0.8242,1
2022-05-03,GOOGL,0.7949,2
2022-05-04,GOOGL,0.9436,1
2022-05-05,GOOGL,-0.9679,2
2022-05-06,GOOGL,-0.0101,3
2022-05-07,GOOGL,0.0,1
2022-05-08,GOOGL,0.0,2
2022-05-09,GOOGL,-0.9725,1
2022-05-10,GOOGL,-0.8985,4
2022-05-11,GOOGL,0.0843,3
2022-05-12,GOOGL,-0.2996,3
2022-05-13,GOOGL,0.465,4
2022-05-14,GOOGL,0.0,0
2022-05-15,GOOGL,0.8124,1
2022-05-16,GOOGL,-0.971,1
2022-05-17,GOOGL,0.0,0
2022-05-18,GOOGL,-0.4854,2
2022-05-19,GOOGL,-0.0885,2
2022-05-20,GOOGL,0.0213,2
2022-05-21,GOOGL,-0.9724,1
2022-05-22,GOOGL,0.0,0
2022-05-23,GOOGL,0.0,0
2022-05-24,GOOGL,-0.9717,2
2022-05-25,GOOGL,0.0,1
2022-05-26,GOOGL,0.0,0
2022-05-27,GOOGL,0.0,2
2022-05-28,GOOGL,0.0,0
2022-05-29,GOOGL,-0.4425,2
2022-05-30,GOOGL,0.0,2
2022-05-31,GOOGL,-0.3249,2
2022-06-01,GOOGL,0.0,3
2022-06-02,GOOGL,-0.2756,3
2022-06-03,GOOGL,0.0,0
2022-06-04,GOOGL,0.0,0
2022-06-05,GOOGL,0.0,0
2022-06-06,GOOGL,0.0,0
2022-06-07,GOOGL,0.3881,5
2022-06-08,GOOGL,0.0,2
2022-06-09,GOOGL,0.0,0
2022-06-10,GOOGL,0.0,1
2022-06-11,GOOGL,0.0,1
2022-06-12,GOOGL,-0.3132,1
2022-06-13,GOOGL,-0.4711,2
2022-06-14,GOOGL,0.0,3
2022-06-15,GOOGL,-0.8175,1
2022-06-16,GOOGL,-0.1003,3
2022-06-17,GOOGL,-0.0086,4
2022-06-18,GOOGL,0.0,0
2022-06-19,GOOGL,0.0,0
2022-06-20,GOOGL,0.0,3
2022-06-21,GOOGL,0.1563,2
2022-06-22,GOOGL,-0.3986,3
2022-06-23,GOOGL,0.0,1
2022-06-24,GOOGL,0.0,0
2022-06-25,GOOGL,-0.2793,1
2022-06-26,GOOGL,0.0,0
2022-06-27,GOOGL,-0.4859,4
2022-06-28,GOOGL,-0.0324,3
2022-06-29,GOOGL,0.0,2
2022-06-30,GOOGL,-0.6496,3
2022-07-01,GOOGL,0.4032,2
2022-07-02,GOOGL,0.0,0
2022-07-03,GOOGL,0.0,0
2022-07-04,GOOGL,0.3108,1
2022-07-05,GOOGL,-0.6902,2
2022-07-06,GOOGL,0.0,2
2022-07-07,GOOGL,-0.3496,2
2022-07-08,GOOGL,-0.5895,2
2022-07-09,GOOGL,0.0,0
2022-07-10,GOOGL,-0.4988,2
2022-07-11,GOOGL,-0.5138,3
2022-07-12,GOOGL,-0.3245,3
2022-07-13,GOOGL,0.0,0
2022-07-14,GOOGL,0.0,0
2022-07-15,GOOGL,0.0,1
2022-07-16,GOOGL,0.0,0
2022-07-17,GOOGL,0.0,0
2022-07-18,GOOGL,-0.9328,2
2022-07-19,GOOGL,0.0,0
2022-07-20,GOOGL,-0.226,3
2022-07-21,GOOGL,0.0,2
2022-07-22,GOOGL,-0.9716,2
2022-07-23,GOOGL,0.0,0
2022-07-24,GOOGL,-0.483,2
2022-07-25,GOOGL,-0.9512,1
2022-07-26,GOOGL,-0.2153,1
2022-07-27,GOOGL,0.0,0
2022-07-28,GOOGL,0.0,0
2022-07-29,GOOGL,0.47,2
2022-07-30,GOOGL,0.0,0
2022-07-31,GOOGL,0.0,0
2022-08-01,GOOGL,-0.3226,3
2022-08-02,GOOGL,0.0692,3
2022-08-03,GOOGL,0.0,0
2022-08-04,GOOGL,-0.0051,1
2022-08-05,GOOGL,0.1333,3
2022-08-06,GOOGL,-0.9702,1
2022-08-07,GOOGL,0.0,0
2022-08-08,GOOGL,-0.0087,2
2022-08-09,GOOGL,0.0,1
2022-08-10,GOOGL,-0.3389,1
2022-08-11,GOOGL,0.0,0
2022-08-12,GOOGL,-0.448,2
2022-08-13,GOOGL,0.0,0
2022-08-14,GOOGL,0.0,1
2022-08-15,GOOGL,0.0,0
2022-08-16,GOOGL,0.0,0
2022-08-17,GOOGL,0.0,0
2022-08-18,GOOGL,-0.4179,4
2022-08-19,GOOGL,0.0,1
2022-08-20,GOOGL,0.0,0
2022-08-21,GOOGL,-0.9271,2
2022-08-22,GOOGL,-0.6477,3
2022-08-23,GOOGL,0.0,1
2022-08-24,GOOGL,0.3972,2
2022-08-25,GOOGL,0.0,1
2022-08-26,GOOGL,0.0,0
2022-08-27,GOOGL,0.4793,1
2022-08-28,GOOGL,0.0,0
2022-08-29,GOOGL,0.3118,3
2022-08-30,GOOGL,0.0,2
2022-08-31,GOOGL,0.0,1
2022-09-01,GOOGL,0.0,0
2022-09-02,GOOGL,-0.2678,1
2022-09-03,GOOGL,0.191,2
2022-09-04,GOOGL,-0.9545,1
2022-09-05,GOOGL,0.0,4
2022-09-06,GOOGL,0.2639,4
2022-09-07,GOOGL,0.2887,2
2022-09-08,GOOGL,0.0,2
2022-09-09,GOOGL,0.0,2
2022-09-10,GOOGL,0.0,1
2022-09-11,GOOGL,-0.0907,3
2022-09-12,GOOGL,0.0,4
2022-09-13,GOOGL,0.1276,2
2022-09-14,GOOGL,-0.0596,4
2022-09-15,GOOGL,-0.5216,3
2022-09-16,GOOGL,0.0,1
2022-09-17,GOOGL,0.0,0
2022-09-18,GOOGL,0.0,1
2022-09-19,GOOGL,0.0,0
2022-09-20,GOOGL,0.0,0
2022-09-21,GOOGL,0.0,0
2022-09-22,GOOGL,0.0,0
2022-09-23,GOOGL,0.0,0
2022-09-24,GOOGL,0.0,0
2022-09-25,GOOGL,0.0,0
2022-09-26,GOOGL,0.0,0
2022-09-27,GOOGL,0.0,0
2022-09-28,GOOGL,0.0,0
2022-09-29,GOOGL,0.0,0
2022-09-30,GOOGL,0.0,0
2022-10-01,GOOGL,0.8089,1
2022-10-02,GOOGL,0.0314,2
2022-10-03,GOOGL,-0.3521,1
2022-10-04,GOOGL,-0.4108,1
2022-10-05,GOOGL,0.0,3
2022-10-06,GOOGL,0.0,0
2022-10-07,GOOGL,-0.9667,1
2022-10-08,GOOGL,0.0,1
2022-10-09,GOOGL,0.0,1
2022-10-10,GOOGL,-0.1006,2
2022-10-11,GOOGL,0.2067,5
2022-10-12,GOOGL,-0.2405,4
2022-10-13,GOOGL,0.1601,4
2022-10-14,GOOGL,0.0,1
2022-10-15,GOOGL,0.0,0
2022-10-16,GOOGL,0.0,0
2022-10-17,GOOGL,-0.2906,3
2022-10-18,GOOGL,0.0,3
2022-10-19,GOOGL,0.0,0
2022-10-20,GOOGL,-0.6164,3
2022-10-21,GOOGL,0.0,0
2022-10-22,GOOGL,-0.4808,1
2022-10-23,GOOGL,0.7559,1
2022-10-24,GOOGL,-0.3269,1
2022-10-25,GOOGL,-0.2568,3
2022-10-26,GOOGL,0.0,0
2022-10-27,GOOGL,-0.9703,1
2022-10-28,GOOGL,-0.6117,2
2022-10-29,GOOGL,0.0,1
2022-10-30,GOOGL,0.0,0
2022-10-31,GOOGL,0.0,0
2022-11-01,GOOGL,-0.9754,1
2022-11-02,GOOGL,0.0,1
2022-11-03,GOOGL,0.0,1
2022-11-04,GOOGL,-0.1232,3
2022-11-05,GOOGL,0.2089,1
2022-11-06,GOOGL,0.0,0
2022-11-07,GOOGL,-0.4548,2
2022-11-08,GOOGL,0.5205,2
2022-11-09,GOOGL,-0.5967,1
2022-11-10,GOOGL,0.0,0
2022-11-11,GOOGL,0.6845,1
2022-11-12,GOOGL,-0.0201,1
2022-11-13,GOOGL,-0.4656,2
2022-11-14,GOOGL,-0.3015,4
2022-11-15,GOOGL,-0.1763,1
2022-11-16,GOOGL,0.0463,2
2022-11-17,GOOGL,-0.0834,3
2022-11-18,GOOGL,0.2853,1
2022-11-19,GOOGL,-0.7785,1
2022-11-20,GOOGL,0.0,1
2022-11-21,GOOGL,-0.7031,3
2022-11-22,GOOGL,-0.0156,2
2022-11-23,GOOGL,-0.1274,3
2022-11-24,GOOGL,0.1606,2
2022-11-25,GOOGL,-0.484,2
2022-11-26,GOOGL,-0.4498,1
2022-11-27,GOOGL,0.4551,3
2022-11-28,GOOGL,-0.2467,1
2022-11-29,GOOGL,0.0,2
2022-11-30,GOOGL,0.0,0
2022-12-01,GOOGL,0.953,1
2022-12-02,GOOGL,-0.9732,1
2022-12-03,GOOGL,0.0,2
2022-12-04,GOOGL,0.0,0
2022-12-05,GOOGL,0.0,0
2022-12-06,GOOGL,-0.9726,1
2022-12-07,GOOGL,0.0,0
2022-12-08,GOOGL,0.1727,3
2022-12-09,GOOGL,0.1598,2
2022-12-10,GOOGL,0.0,0
2022-12-11,GOOGL,-0.6462,3
2022-12-12,GOOGL,0.0,0
2022-12-13,GOOGL,0.3245,3
2022-12-14,GOOGL,-0.0039,2
2022-12-15,GOOGL,-0.4656,2
2022-12-16,GOOGL,0.0,0
2022-12-17,GOOGL,0.0,0
2022-12-18,GOOGL,0.0,1
2022-12-19,GOOGL,-0.9529,2
2022-12-20,GOOGL,0.0,3
2022-12-21,GOOGL,0.3776,4
2022-12-22,GOOGL,-0.0244,3
2022-12-23,GOOGL,0.3875,3
2022-12-24,GOOGL,0.0,0
2022-12-25,GOOGL,0.0,0
2022-12-26,GOOGL,-0.3213,3
2022-12-27,GOOGL,-0.9721,3
2022-12-28,GOOGL,0.0,2
2022-12-29,GOOGL,0.8606,1
2022-12-30,GOOGL,0.0,1
2022-12-31,GOOGL,0.6345,2
2023-01-01,GOOGL,0.5502,3
2023-01-02,GOOGL,0.1954,3
2023-01-03,GOOGL,0.2098,3
2023-01-04,GOOGL,0.0901,4
2023-01-05,GOOGL,-0.5074,3
2023-01-06,GOOGL,0.0843,2
2023-01-07,GOOGL,-0.8402,2
2023-01-08,GOOGL,0.0,1
2023-01-09,GOOGL,0.0,1
2023-01-10,GOOGL,-0.7,1
2023-01-11,GOOGL,-0.2643,4
2023-01-12,GOOGL,-0.2081,3
2023-01-13,GOOGL,0.1668,3
2023-01-14,GOOGL,0.0,0
2023-01-15,GOOGL,-0.2494,2
2023-01-16,GOOGL,0.3163,3
2023-01-17,GOOGL,-0.6722,2
2023-01-18,GOOGL,0.3376,4
2023-01-19,GOOGL,0.0,0
2023-01-20,GOOGL,-0.7367,2
2023-01-21,GOOGL,-0.7639,2
2023-01-22,GOOGL,-0.0897,4
2023-01-23,GOOGL,0.0,1
2023-01-24,GOOGL,-0.3985,2
2023-01-25,GOOGL,-0.3352,2
2023-01-26,GOOGL,0.7872,1
2023-01-27,GOOGL,0.3815,2
2023-01-28,GOOGL,0.0,0
2023-01-29,GOOGL,0.0,2
2023-01-30,GOOGL,-0.3591,1
2023-01-31,GOOGL,0.6644,3
2023-02-01,GOOGL,0.8813,1
2023-02-02,GOOGL,0.0,0
2023-02-03,GOOGL,0.0,0
2023-02-04,GOOGL,0.0,0
2023-02-05,GOOGL,0.0,0
2023-02-06,GOOGL,0.0,0
2023-02-07,GOOGL,0.0,0
2023-02-08,GOOGL,0.0,0
2023-02-09,GOOGL,0.0,0
2023-02-10,GOOGL,0.0,0
2023-02-11,GOOGL,0.0,0
2023-02-12,GOOGL,0.0,0
2023-02-13,GOOGL,0.0,0
2023-02-14,GOOGL,0.0,0
2023-02-15,GOOGL,0.0,0
2023-02-16,GOOGL,0.0,0
2023-02-17,GOOGL,0.0,0
2023-02-18,GOOGL,0.0,0
2023-02-19,GOOGL,0.0,0
2023-02-20,GOOGL,0.0,0
2023-02-21,GOOGL,0.0,0
2023-02-22,GOOGL,0.0,0
2023-02-23,GOOGL,0.0,0
2023-02-24,GOOGL,0.0,0
2023-02-25,GOOGL,0.0,0
2023-02-26,GOOGL,0.0,0
2023-02-27,GOOGL,0.0,0
2023-02-28,GOOGL,0.0,0
2023-03-01,GOOGL,0.0,0
2023-03-02,GOOGL,0.0,0
2023-03-03,GOOGL,0.0,0
2023-03-04,GOOGL,0.0,0
2023-03-05,GOOGL,0.0,0
2023-03-06,GOOGL,0.0,0
2023-03-07,GOOGL,0.0,0
2023-03-08,GOOGL,0.0,0
2023-03-09,GOOGL,0.0,0
2023-03-10,GOOGL,0.0,0
2023-03-11,GOOGL,0.0,0
2023-03-12,GOOGL,0.0,0
2023-03-13,GOOGL,0.0,0
2023-03-14,GOOGL,0.0,0
2023-03-15,GOOGL,0.0,0
2023-03-16,GOOGL,0.0,0
2023-03-17,GOOGL,0.0,0
2023-03-18,GOOGL,0.0,0
2023-03-19,GOOGL,0.0,0
2023-03-20,GOOGL,0.0,0
2023-03-21,GOOGL,0.0,0
2023-03-22,GOOGL,0.0,0
2023-03-23,GOOGL,0.0,0
2023-03-24,GOOGL,0.0,0
2023-03-25,GOOGL,0.0,0
2023-03-26,GOOGL,0.0,0
2023-03-27,GOOGL,0.0,0
2023-03-28,GOOGL,0.0,0
2023-03-29,GOOGL,0.0,0
2023-03-30,GOOGL,0.0,0
2023-03-31,GOOGL,0.0,0
2023-04-01,GOOGL,-0.2923,3
2023-04-02,GOOGL,-0.3874,2
2023-04-03,GOOGL,-0.1398,4
2023-04-04,GOOGL,-0.5751,2
2023-04-05,GOOGL,-0.9484,2
2023-04-06,GOOGL,-0.1471,3
2023-04-07,GOOGL,0.2352,3
2023-04-08,GOOGL,-0.3359,4
2023-04-09,GOOGL,0.0,1
2023-04-10,GOOGL,0.2115,4
2023-04-11,GOOGL,-0.3384,2
2023-04-12,GOOGL,0.0,0
2023-04-13,GOOGL,0.3977,4
2023-04-14,GOOGL,0.7772,1
2023-04-15,GOOGL,0.0,2
2023-04-16,GOOGL,-0.1042,5
2023-04-17,GOOGL,-0.5349,2
2023-04-18,GOOGL,0.2188,3
2023-04-19,GOOGL,-0.2404,3
2023-04-20,GOOGL,0.0,2
2023-04-21,GOOGL,-0.3468,4
2023-04-22,GOOGL,0.0,0
2023-04-23,GOOGL,-0.9339,2
2023-04-24,GOOGL,0.525,2
2023-04-25,GOOGL,-0.6008,2
2023-04-26,GOOGL,-0.6405,3
2023-04-27,GOOGL,0.0,0
2023-04-28,GOOGL,0.0,1
2023-04-29,GOOGL,0.0,0
2023-04-30,GOOGL,0.1035,3
2023-05-01,GOOGL,-0.4097,1
2023-05-02,GOOGL,-0.1084,1
2023-05-03,GOOGL,-0.5467,1
2023-05-04,GOOGL,0.0,2
2023-05-05,GOOGL,0.0,2
2023-05-06,GOOGL,-0.1016,3
2023-05-07,GOOGL,0.0,0
2023-05-08,GOOGL,0.1187,4
2023-05-09,GOOGL,0.0917,4
2023-05-10,GOOGL,0.2162,4
2023-05-11,GOOGL,-0.3608,2
2023-05-12,GOOGL,0.0,0
2023-05-13,GOOGL,0.253,2
2023-05-14,GOOGL,0.128,3
2023-05-15,GOOGL,0.0,1
2023-05-16,GOOGL,-0.6406,3
2023-05-17,GOOGL,0.0024,2
2023-05-18,GOOGL,0.0,2
2023-05-19,GOOGL,0.0,2
2023-05-20,GOOGL,0.0615,3
2023-05-21,GOOGL,0.0,0
2023-05-22,GOOGL,0.0,0
2023-05-23,GOOGL,-0.015,2
2023-05-24,GOOGL,0.0461,2
2023-05-25,GOOGL,0.0,0
2023-05-26,GOOGL,0.3413,5
2023-05-27,GOOGL,0.0,0
2023-05-28,GOOGL,-0.1701,4
2023-05-29,GOOGL,-0.0776,3
2023-05-30,GOOGL,0.472,2
2023-05-31,GOOGL,0.1537,3
2023-06-01,GOOGL,-0.0497,5
2023-06-02,GOOGL,0.0948,2
2023-06-03,GOOGL,0.4716,2
2023-06-04,GOOGL,0.0,1
2023-06-05,GOOGL,-0.6683,1
2023-06-06,GOOGL,0.0,2
2023-06-07,GOOGL,0.0,1
2023-06-08,GOOGL,0.0,2
2023-06-09,GOOGL,0.0,0
2023-06-10,GOOGL,0.4504,1
2023-06-11,GOOGL,0.0,2
2023-06-12,GOOGL,0.0,3
2023-06-13,GOOGL,0.906,1
2023-06-14,GOOGL,0.4726,2
2023-06-15,GOOGL,0.0,0
2023-06-16,GOOGL,-0.06,3
2023-06-17,GOOGL,0.0,0
2023-06-18,GOOGL,0.0,0
2023-06-19,GOOGL,0.7419,1
2023-06-20,GOOGL,-0.1814,2
2023-06-21,GOOGL,-0.182,2
2023-06-22,GOOGL,0.9131,1
2023-06-23,GOOGL,0.1036,3
2023-06-24,GOOGL,0.3162,2
2023-06-25,GOOGL,0.0,0
2023-06-26,GOOGL,-0.7561,2
2023-06-27,GOOGL,-0.351,4
2023-06-28,GOOGL,0.0,0
2023-06-29,GOOGL,0.3479,3
2023-06-30,GOOGL,0.0,1
2023-07-01,GOOGL,0.0,1
2023-07-02,GOOGL,0.0,1
2023-07-03,GOOGL,0.0,2
2023-07-04,GOOGL,0.8458,1
2023-07-05,GOOGL,0.6162,1
2023-07-06,GOOGL,-0.1471,3
2023-07-07,GOOGL,0.0,0
2023-07-08,GOOGL,-0.9274,1
2023-07-09,GOOGL,0.0,0
2023-07-10,GOOGL,0.0,0
2023-07-11,GOOGL,0.0,2
2023-07-12,GOOGL,-0.0733,2
2023-07-13,GOOGL,0.0,0
2023-07-14,GOOGL,0.0,1
2023-07-15,GOOGL,0.0,1
2023-07-16,GOOGL,0.941,1
2023-07-17,GOOGL,0.0,0
2023-07-18,GOOGL,0.4416,1
2023-07-19,GOOGL,0.0,1
2023-07-20,GOOGL,0.4688,1
2023-07-21,GOOGL,0.0,1
2023-07-22,GOOGL,0.0,0
2023-07-23,GOOGL,0.0,1
2023-07-24,GOOGL,0.0,0
2023-07-25,GOOGL,0.9311,2
2023-07-26,GOOGL,-0.0427,4
2023-07-27,GOOGL,0.5098,2
2023-07-28,GOOGL,0.0,0
2023-07-29,GOOGL,0.0,0
2023-07-30,GOOGL,0.0,2
2023-07-31,GOOGL,0.0,0
2023-08-01,GOOGL,-0.3899,2
2023-08-02,GOOGL,0.0,0
2023-08-03,GOOGL,0.0,0
2023-08-04,GOOGL,0.0,0
2023-08-05,GOOGL,0.0,0
2023-08-06,GOOGL,0.0,0
2023-08-07,GOOGL,0.0,0
2023-08-08,GOOGL,0.0,0
2023-08-09,GOOGL,0.0,0
2023-08-10,GOOGL,0.0,0
2023-08-11,GOOGL,0.0,0
2023-08-12,GOOGL,0.0,0
2023-08-13,GOOGL,0.0,0
2023-08-14,GOOGL,0.0,0
2023-08-15,GOOGL,0.0,0
2023-08-16,GOOGL,0.0,0
2023-08-17,GOOGL,0.0,0
2023-08-18,GOOGL,0.0,0
2023-08-19,GOOGL,0.0,0
2023-08-20,GOOGL,0.0,0
2023-08-21,GOOGL,0.0,0
2023-08-22,GOOGL,0.0,0
2023-08-23,GOOGL,0.0,0
2023-08-24,GOOGL,0.0,0
2023-08-25,GOOGL,0.0,0
2023-08-26,GOOGL,0.0,0
2023-08-27,GOOGL,0.0,0
2023-08-28,GOOGL,0.0,0
2023-08-29,GOOGL,0.0,0
2023-08-30,GOOGL,0.0,0
2023-08-31,GOOGL,0.0,0
2023-09-01,GOOGL,0.0,0
2023-09-02,GOOGL,0.0,0
2023-09-03,GOOGL,0.0,0
2023-09-04,GOOGL,0.0,0
2023-09-05,GOOGL,0.0,0
2023-09-06,GOOGL,0.0,0
2023-09-07,GOOGL,0.0,0
2023-09-08,GOOGL,0.0,0
2023-09-09,GOOGL,0.0,0
2023-09-10,GOOGL,0.0,0
2023-09-11,GOOGL,0.0,0
2023-09-12,GOOGL,0.0,0
2023-09-13,GOOGL,0.0,0
2023-09-14,GOOGL,0.0,0
2023-09-15,GOOGL,0.0,0
2023-09-16,GOOGL,0.0,0
2023-09-17,GOOGL,0.0,0
2023-09-18,GOOGL,0.0,0
2023-09-19,GOOGL,0.0,0
2023-09-20,GOOGL,0.0,0
2023-09-21,GOOGL,0.0,0
2023-09-22,GOOGL,0.0,0
2023-09-23,GOOGL,0.0,0
2023-09-24,GOOGL,0.0,0
2023-09-25,GOOGL,0.0,0
2023-09-26,GOOGL,0.0,0
2023-09-27,GOOGL,0.0,0
2023-09-28,GOOGL,0.0,0
2023-09-29,GOOGL,0.0,0
2023-09-30,GOOGL,0.0,0
2023-10-01,GOOGL,0.0,0
2023-10-02,GOOGL,-0.3718,2
2023-10-03,GOOGL,0.0,2
2023-10-04,GOOGL,0.0295,1
2023-10-05,GOOGL,0.2489,2
2023-10-06,GOOGL,-0.1847,2
2023-10-07,GOOGL,0.1811,3
2023-10-08,GOOGL,0.0,2
2023-10-09,GOOGL,-0.2524,3
2023-10-10,GOOGL,0.14,4
2023-10-11,GOOGL,0.1828,3
2023-10-12,GOOGL,0.0,0
2023-10-13,GOOGL,0.3466,1
2023-10-14,GOOGL,-0.4212,5
2023-10-15,GOOGL,0.0,0
2023-10-16,GOOGL,-0.0167,3
2023-10-17,GOOGL,-0.1421,2
2023-10-18,GOOGL,-0.2139,2
2023-10-19,GOOGL,0.679,1
2023-10-20,GOOGL,0.8012,1
2023-10-21,GOOGL,0.863,1
2023-10-22,GOOGL,0.9282,1
2023-10-23,GOOGL,0.0,1
2023-10-24,GOOGL,-0.5693,5
2023-10-25,GOOGL,-0.9742,2
2023-10-26,GOOGL,0.0,0
2023-10-27,GOOGL,-0.6288,3
2023-10-28,GOOGL,0.0,0
2023-10-29,GOOGL,-0.9542,1
2023-10-30,GOOGL,0.1741,3
2023-10-31,GOOGL,0.0,1
2023-11-01,GOOGL,0.2525,4
2023-11-02,GOOGL,0.0,0
2023-11-03,GOOGL,-0.0035,4
2023-11-04,GOOGL,0.0,1
2023-11-05,GOOGL,-0.5964,1
2023-11-06,GOOGL,0.1411,4
2023-11-07,GOOGL,-0.2179,2
2023-11-08,GOOGL,-0.3146,3
2023-11-09,GOOGL,0.0,0
2023-11-10,GOOGL,0.148,2
2023-11-11,GOOGL,0.0,1
2023-11-12,GOOGL,-0.7797,2
2023-11-13,GOOGL,0.0,0
2023-11-14,GOOGL,0.5158,2
2023-11-15,GOOGL,-0.1399,3
2023-11-16,GOOGL,0.0,2
2023-11-17,GOOGL,-0.6219,2
2023-11-18,GOOGL,0.0,2
2023-11-19,GOOGL,0.0,0
2023-11-20,GOOGL,0.5283,3
2023-11-21,GOOGL,0.0,1
2023-11-22,GOOGL,-0.4609,2
2023-11-23,GOOGL,0.3861,2
2023-11-24,GOOGL,-0.4736,1
2023-11-25,GOOGL,0.0,0
2023-11-26,GOOGL,0.9305,1
2023-11-27,GOOGL,0.3157,2
2023-11-28,GOOGL,0.0211,3
2023-11-29,GOOGL,0.0018,3
2023-11-30,GOOGL,-0.4126,3
2023-12-01,GOOGL,-0.0687,4
2023-12-02,GOOGL,-0.0184,2
2023-12-03,GOOGL,-0.0034,4
2023-12-04,GOOGL,0.9364,1
2023-12-05,GOOGL,0.0,0
2023-12-06,GOOGL,-0.0569,4
2023-12-07,GOOGL,0.3017,3
2023-12-08,GOOGL,0.2638,3
2023-12-09,GOOGL,0.0723,3
2023-12-10,GOOGL,0.0,0
2023-12-11,GOOGL,0.4507,3
2023-12-12,GOOGL,-0.4562,2
2023-12-13,GOOGL,0.084,4
2023-12-14,GOOGL,0.1438,3
2023-12-15,GOOGL,0.2751,4
2023-12-16,GOOGL,0.1078,4
2023-12-17,GOOGL,0.6638,5
2023-12-18,GOOGL,0.0,1
2023-12-19,GOOGL,0.0,2
2023-12-20,GOOGL,-0.479,4
2023-12-21,GOOGL,-0.0047,1
2023-12-22,GOOGL,0.3915,4
2023-12-23,GOOGL,0.0,0
2023-12-24,GOOGL,0.3061,3
2023-12-25,GOOGL,0.7095,4
2023-12-26,GOOGL,0.305,4
2023-12-27,GOOGL,-0.3711,2
2023-12-28,GOOGL,-0.257,3
2023-12-29,GOOGL,0.4632,2
2023-12-30,GOOGL,0.0,0
2023-12-31,GOOGL,0.4915,1
2024-01-01,GOOGL,0.0,3
2024-01-02,GOOGL,0.0,0
2024-01-03,GOOGL,0.0,0
2024-01-04,GOOGL,0.0,0
2024-01-05,GOOGL,0.0,0
2024-01-06,GOOGL,0.0,0
2024-01-07,GOOGL,0.0,0
2024-01-08,GOOGL,0.0,0
2024-01-09,GOOGL,0.0,0
2024-01-10,GOOGL,0.0,0
2024-01-11,GOOGL,0.0,0
2024-01-12,GOOGL,0.0,0
2024-01-13,GOOGL,0.0,0
2024-01-14,GOOGL,0.0,0
2024-01-15,GOOGL,0.0,0
2024-01-16,GOOGL,0.0,0
2024-01-17,GOOGL,0.0,0
2024-01-18,GOOGL,0.0,0
2024-01-19,GOOGL,0.0,0
2024-01-20,GOOGL,0.0,0
2024-01-21,GOOGL,0.0,0
2024-01-22,GOOGL,0.0,0
2024-01-23,GOOGL,0.0,0
2024-01-24,GOOGL,0.0,0
2024-01-25,GOOGL,0.0,0
2024-01-26,GOOGL,0.0,0
2024-01-27,GOOGL,0.0,0
2024-01-28,GOOGL,0.0,0
2024-01-29,GOOGL,0.0,0
2024-01-30,GOOGL,0.0,0
2024-01-31,GOOGL,0.0,0
2024-02-01,GOOGL,0.1614,3
2024-02-02,GOOGL,-0.3501,4
2024-02-03,GOOGL,-0.2163,2
2024-02-04,GOOGL,0.4583,3
2024-02-05,GOOGL,0.4276,2
2024-02-06,GOOGL,-0.0377,2
2024-02-07,GOOGL,0.0999,1
2024-02-08,GOOGL,0.0,2
2024-02-09,GOOGL,-0.9713,1
2024-02-10,GOOGL,0.0485,3
2024-02-11,GOOGL,0.137,2
2024-02-12,GOOGL,0.0,2
2024-02-13,GOOGL,0.0,0
2024-02-14,GOOGL,-0.097,1
2024-02-15,GOOGL,-0.2502,4
2024-02-16,GOOGL,-0.1443,2
2024-02-17,GOOGL,0.0551,4
2024-02-18,GOOGL,-0.2892,3
2024-02-19,GOOGL,-0.2062,3
2024-02-20,GOOGL,0.0,0
2024-02-21,GOOGL,0.3057,2
2024-02-22,GOOGL,0.4956,3
2024-02-23,GOOGL,-0.0481,3
2024-02-24,GOOGL,0.2537,4
2024-02-25,GOOGL,0.4193,2
2024-02-26,GOOGL,-0.7303,3
2024-02-27,GOOGL,0.9454,1
2024-02-28,GOOGL,-0.301,3
2024-02-29,GOOGL,0.7883,2
2024-03-01,GOOGL,-0.3581,2
2024-03-02,GOOGL,0.4058,2
2024-03-03,GOOGL,-0.2276,3
2024-03-04,GOOGL,-0.2483,3
2024-03-05,GOOGL,-0.381,4
2024-03-06,GOOGL,-0.4056,5
2024-03-07,GOOGL,-0.0137,2
2024-03-08,GOOGL,-0.1837,1
2024-03-09,GOOGL,0.0833,5
2024-03-10,GOOGL,0.8788,1
2024-03-11,GOOGL,0.0,4
2024-03-12,GOOGL,0.5622,2
2024-03-13,GOOGL,0.0104,2
2024-03-14,GOOGL,0.5719,3
2024-03-15,GOOGL,0.6312,1
2024-03-16,GOOGL,-0.5679,4
2024-03-17,GOOGL,0.0636,2
2024-03-18,GOOGL,0.5916,3
2024-03-19,GOOGL,0.0,1
2024-03-20,GOOGL,0.0,2
2024-03-21,GOOGL,0.0,0
2024-03-22,GOOGL,0.4547,3
2024-03-23,GOOGL,0.0511,3
2024-03-24,GOOGL,0.1141,2
2024-03-25,GOOGL,-0.2859,3
2024-03-26,GOOGL,0.5941,2
2024-03-27,GOOGL,0.0,3
2024-03-28,GOOGL,0.4324,2
2024-03-29,GOOGL,0.5844,3
2024-03-30,GOOGL,0.2171,4
2024-03-31,GOOGL,-0.1429,2
2024-04-01,GOOGL,0.0,2
2024-04-02,GOOGL,0.0,0
2024-04-03,GOOGL,0.0,0
2024-04-04,GOOGL,0.0,0
2024-04-05,GOOGL,0.0,0
2024-04-06,GOOGL,0.0,0
2024-04-07,GOOGL,0.0,0
2024-04-08,GOOGL,0.0,0
2024-04-09,GOOGL,0.0,0
2024-04-10,GOOGL,0.0,0
2024-04-11,GOOGL,0.0,0
2024-04-12,GOOGL,0.0,0
2024-04-13,GOOGL,0.0,0
2024-04-14,GOOGL,0.0,0
2024-04-15,GOOGL,0.0,0
2024-04-16,GOOGL,0.0,0
2024-04-17,GOOGL,0.0,0
2024-04-18,GOOGL,0.0,0
2024-04-19,GOOGL,0.0,0
2024-04-20,GOOGL,0.0,0
2024-04-21,GOOGL,0.0,0
2024-04-22,GOOGL,0.0,0
2024-04-23,GOOGL,0.0,0
2024-04-24,GOOGL,0.0,0
2024-04-25,GOOGL,0.0,0
2024-04-26,GOOGL,0.0,0
2024-04-27,GOOGL,0.0,0
2024-04-28,GOOGL,0.0,0
2024-04-29,GOOGL,0.0,0
2024-04-30,GOOGL,0.0,0
2024-05-01,GOOGL,0.4123,4
2024-05-02,GOOGL,0.9449,1
2024-05-03,GOOGL,-0.1068,4
2024-05-04,GOOGL,0.4677,3
2024-05-05,GOOGL,-0.0382,4
2024-05-06,GOOGL,0.2618,3
2024-05-07,GOOGL,0.3487,2
2024-05-08,GOOGL,0.4763,3
2024-05-09,GOOGL,0.3942,2
2024-05-10,GOOGL,0.0359,6
2024-05-11,GOOGL,0.0555,3
2024-05-12,GOOGL,-0.0012,2
2024-05-13,GOOGL,0.3816,2
2024-05-14,GOOGL,0.0937,4
2024-05-15,GOOGL,0.2763,3
2024-05-16,GOOGL,0.0416,2
2024-05-17,GOOGL,0.1593,2
2024-05-18,GOOGL,0.7084,1
2024-05-19,GOOGL,0.1841,2
2024-05-20,GOOGL,0.3781,3
2024-05-21,GOOGL,-0.2127,3
2024-05-22,GOOGL,0.0,2
2024-05-23,GOOGL,-0.4454,2
2024-05-24,GOOGL,0.0,1
2024-05-25,GOOGL,-0.2287,3
2024-05-26,GOOGL,0.3625,3
2024-05-27,GOOGL,0.1271,4
2024-05-28,GOOGL,0.3789,3
2024-05-29,GOOGL,-0.3504,3
2024-05-30,GOOGL,-0.9715,1
2024-05-31,GOOGL,0.0,0
2024-06-01,GOOGL,0.6954,4
2024-06-02,GOOGL,0.1493,3
2024-06-03,GOOGL,0.4087,2
2024-06-04,GOOGL,0.4648,1
2024-06-05,GOOGL,0.0,1
2024-06-06,GOOGL,0.5083,3
2024-06-07,GOOGL,0.7964,2
2024-06-08,GOOGL,0.0,0
2024-06-09,GOOGL,0.0,1
2024-06-10,GOOGL,0.5889,3
2024-06-11,GOOGL,0.4395,4
2024-06-12,GOOGL,0.9297,2
2024-06-13,GOOGL,0.4974,2
2024-06-14,GOOGL,0.5037,1
2024-06-15,GOOGL,0.0,0
2024-06-16,GOOGL,0.572,4
2024-06-17,GOOGL,0.0,0
2024-06-17,GOOGL,0.0,0
2024-06-18,GOOGL,0.0,0
2024-06-19,GOOGL,0.0,0
2024-06-20,GOOGL,0.0,0
2024-06-21,GOOGL,0.0,0
2024-06-22,GOOGL,0.0,0
2024-06-23,GOOGL,0.0,0
2024-06-24,GOOGL,0.0,0
2024-06-25,GOOGL,0.0,0
2024-06-26,GOOGL,0.0,0
2024-06-27,GOOGL,0.0,0
2024-06-28,GOOGL,0.0,0
2024-06-29,GOOGL,0.0,0
2024-06-30,GOOGL,0.0,0
2024-07-01,GOOGL,0.1709,3
2024-07-02,GOOGL,0.496,1
2024-07-03,GOOGL,0.0,1
2024-07-04,GOOGL,0.6952,4
2024-07-05,GOOGL,0.0,0
2024-07-06,GOOGL,0.0,1
2024-07-07,GOOGL,0.8691,1
2024-07-08,GOOGL,0.3907,2
2024-07-09,GOOGL,0.9502,1
2024-07-10,GOOGL,-0.2771,3
2024-07-11,GOOGL,0.0,0
2024-07-12,GOOGL,0.0,0
2024-07-13,GOOGL,0.0,0
2024-07-14,GOOGL,0.282,4
2024-07-15,GOOGL,0.0,0
2024-07-16,GOOGL,0.0,0
2024-07-17,GOOGL,0.0,0
2024-07-18,GOOGL,0.0,0
2024-07-19,GOOGL,0.0,0
2024-07-20,GOOGL,0.0,2
2024-07-21,GOOGL,0.0,1
2024-07-22,GOOGL,0.0,0
2024-07-23,GOOGL,0.0,0
2024-07-24,GOOGL,0.9071,1
2024-07-25,GOOGL,0.0,0
2024-07-26,GOOGL,-0.525,3
2024-07-27,GOOGL,0.6343,1
2024-07-28,GOOGL,-0.4634,2
2024-07-29,GOOGL,0.3113,1
2024-07-30,GOOGL,-0.9267,2
2024-07-31,GOOGL,0.0,1
2024-08-01,GOOGL,0.0,1
2024-08-02,GOOGL,0.0,0
2024-08-03,GOOGL,0.0,0
2024-08-04,GOOGL,0.0,0
2024-08-05,GOOGL,-0.8153,4
2024-08-06,GOOGL,-0.2575,3
2024-08-07,GOOGL,0.0,0
2024-08-08,GOOGL,-0.7038,2
2024-08-09,GOOGL,0.0,0
2024-08-10,GOOGL,0.1037,3
2024-08-11,GOOGL,0.2917,3
2024-08-12,GOOGL,-0.355,2
2024-08-13,GOOGL,-0.1781,3
2024-08-14,GOOGL,-0.7535,2
2024-08-15,GOOGL,0.3211,2
2024-08-16,GOOGL,-0.0107,3
2024-08-17,GOOGL,0.4364,3
2024-08-18,GOOGL,0.3016,2
2024-08-19,GOOGL,0.0737,3
2024-08-20,GOOGL,0.1839,1
2024-08-21,GOOGL,0.3723,2
2024-08-22,GOOGL,0.4004,2
2024-08-23,GOOGL,0.0,1
2024-08-24,GOOGL,0.5492,4
2024-08-25,GOOGL,0.869,1
2024-08-26,GOOGL,-0.1538,1
2024-08-27,GOOGL,0.4866,2
2024-08-28,GOOGL,0.0,0
2024-08-29,GOOGL,-0.005,3
2024-08-30,GOOGL,0.1716,3
2024-08-31,GOOGL,-0.2529,3
2024-09-01,GOOGL,0.0,0
2024-09-02,GOOGL,0.0,0
2024-09-03,GOOGL,0.0,0
2024-09-04,GOOGL,0.0,0
2024-09-05,GOOGL,0.0,0
2024-09-06,GOOGL,0.0,0
2024-09-07,GOOGL,0.0,0
2024-09-08,GOOGL,0.0,0
2024-09-09,GOOGL,0.0,0
2024-09-10,GOOGL,0.0,0
2024-09-11,GOOGL,0.0,0
2024-09-12,GOOGL,0.0,0
2024-09-13,GOOGL,0.0,0
2024-09-14,GOOGL,0.0,0
2024-09-15,GOOGL,0.0,0
2024-09-16,GOOGL,0.0,0
2024-09-17,GOOGL,0.0,0
2024-09-18,GOOGL,0.0,0
2024-09-19,GOOGL,0.0,0
2024-09-20,GOOGL,0.0,0
2024-09-21,GOOGL,0.0,0
2024-09-22,GOOGL,0.0,0
2024-09-23,GOOGL,0.0,0
2024-09-24,GOOGL,0.0,0
2024-09-25,GOOGL,0.0,0
2024-09-26,GOOGL,0.0,0
2024-09-27,GOOGL,0.0,0
2024-09-28,GOOGL,0.0,0
2024-09-29,GOOGL,0.0,0
2024-09-30,GOOGL,0.0,0
2024-10-01,GOOGL,-0.0053,3
2024-10-02,GOOGL,-0.3224,3
2024-10-03,GOOGL,0.9388,1
2024-10-04,GOOGL,-0.2704,1
2024-10-05,GOOGL,0.3149,4
2024-10-06,GOOGL,0.8463,3
2024-10-07,GOOGL,-0.7107,4
2024-10-08,GOOGL,0.1918,1
2024-10-09,GOOGL,-0.6312,3
2024-10-10,GOOGL,0.0,1
2024-10-11,GOOGL,-0.7582,2
2024-10-12,GOOGL,0.0,1
2024-10-13,GOOGL,0.1709,3
2024-10-14,GOOGL,0.9537,1
2024-10-15,GOOGL,-0.4355,3
2024-10-16,GOOGL,0.1021,3
2024-10-17,GOOGL,0.0,1
2024-10-18,GOOGL,0.0,1
2024-10-19,GOOGL,0.0,0
2024-10-20,GOOGL,0.661,2
2024-10-21,GOOGL,0.1413,2
2024-10-22,GOOGL,0.1692,3
2024-10-23,GOOGL,-0.4505,1
2024-10-24,GOOGL,0.5448,3
2024-10-25,GOOGL,0.3444,2
2024-10-26,GOOGL,0.7656,1
2024-10-27,GOOGL,-0.1595,1
2024-10-28,GOOGL,0.0,1
2024-10-29,GOOGL,-0.7942,2
2024-10-30,GOOGL,0.3084,3
2024-10-31,GOOGL,0.9328,1
2024-11-01,GOOGL,0.805,5
2024-11-02,GOOGL,0.7985,1
2024-11-03,GOOGL,0.3222,3
2024-11-04,GOOGL,0.0,0
2024-11-05,GOOGL,0.0,0
2024-11-06,GOOGL,0.4775,2
2024-11-07,GOOGL,-0.3742,2
2024-11-08,GOOGL,0.0,0
2024-11-09,GOOGL,0.7252,2
2024-11-10,GOOGL,0.4382,2
2024-11-11,GOOGL,0.9311,1
2024-11-12,GOOGL,-0.2372,3
2024-11-13,GOOGL,0.0,1
2024-11-14,GOOGL,0.9041,1
2024-11-15,GOOGL,-0.8491,2
2024-11-16,GOOGL,0.3529,4
2024-11-17,GOOGL,0.0,0
2024-11-18,GOOGL,0.572,2
2024-11-19,GOOGL,-0.0978,1
2024-11-20,GOOGL,0.7284,2
2024-11-21,GOOGL,-0.9705,2
2024-11-22,GOOGL,-0.3029,1
2024-11-23,GOOGL,0.5333,1
2024-11-24,GOOGL,0.3116,3
2024-11-25,GOOGL,-0.1344,2
2024-11-26,GOOGL,-0.2012,2
2024-11-27,GOOGL,0.0,1
2024-11-28,GOOGL,0.1387,3
2024-11-29,GOOGL,-0.5502,2
2024-11-30,GOOGL,-0.0371,3
2024-12-01,GOOGL,0.0977,3
2024-12-02,GOOGL,0.0,0
2024-12-03,GOOGL,0.0,0
2024-12-04,GOOGL,0.0,0
2024-12-05,GOOGL,0.0,0
2024-12-06,GOOGL,0.0,0
2024-12-07,GOOGL,0.0,0
2024-12-08,GOOGL,0.0,0
2024-12-09,GOOGL,0.0,0
2024-12-10,GOOGL,0.0,0
2024-12-11,GOOGL,0.0,0
2024-12-12,GOOGL,0.0,0
2024-12-13,GOOGL,0.0,0
2024-12-14,GOOGL,0.0,0
2024-12-15,GOOGL,0.0,0
2024-12-16,GOOGL,0.0,0
2024-12-17,GOOGL,0.0,0
2024-12-18,GOOGL,0.0,0
2024-12-19,GOOGL,0.0,0
2024-12-20,GOOGL,0.0,0
2024-12-21,GOOGL,0.0,0
2024-12-22,GOOGL,0.0,0
2024-12-23,GOOGL,0.0,0
2024-12-24,GOOGL,0.0,0
2024-12-25,GOOGL,0.0,0
2024-12-26,GOOGL,0.0,0
2024-12-27,GOOGL,0.0,0
2024-12-28,GOOGL,0.0,0
2024-12-29,GOOGL,0.0,0
2024-12-30,GOOGL,0.0,0
2024-12-31,GOOGL,0.0,0
2025-01-01,GOOGL,0.5385,2
2025-01-02,GOOGL,0.6199,1
2025-01-03,GOOGL,0.0,1
2025-01-04,GOOGL,0.0,1
2025-01-05,GOOGL,0.0,2
2025-01-06,GOOGL,0.4272,1
2025-01-07,GOOGL,0.0,0
2025-01-08,GOOGL,-0.3595,2
2025-01-09,GOOGL,0.9343,1
2025-01-10,GOOGL,0.9504,1
2025-01-11,GOOGL,0.7551,3
2025-01-12,GOOGL,0.1494,2
2025-01-13,GOOGL,0.0,0
2025-01-14,GOOGL,0.0,0
2025-01-15,GOOGL,-0.1657,1
2025-01-16,GOOGL,0.0,0
2025-01-17,GOOGL,0.0197,2
2025-01-18,GOOGL,-0.2665,2
2025-01-19,GOOGL,0.0,3
2025-01-20,GOOGL,0.1582,3
2025-01-21,GOOGL,-0.1732,3
2025-01-22,GOOGL,-0.0287,5
2025-01-23,GOOGL,0.0,1
2025-01-24,GOOGL,0.766,2
2025-01-25,GOOGL,0.0087,3
2025-01-26,GOOGL,0.6542,2
2025-01-27,GOOGL,-0.332,3
2025-01-28,GOOGL,-0.9598,2
2025-01-29,GOOGL,-0.4809,2
2025-01-30,GOOGL,0.0,0
2025-01-31,GOOGL,0.0,0
2025-02-01,GOOGL,0.263,1
2025-02-02,GOOGL,0.0,0
2025-02-03,GOOGL,0.0,0
2025-02-04,GOOGL,0.0,0
2025-02-05,GOOGL,0.0,0
2025-02-06,GOOGL,0.0,0
2025-02-07,GOOGL,0.0,0
2025-02-08,GOOGL,0.0,0
2025-02-09,GOOGL,0.0,0
2025-02-10,GOOGL,0.0,0
2025-02-11,GOOGL,0.0,0
2025-02-12,GOOGL,0.0,0
2025-02-13,GOOGL,0.0,0
2025-02-14,GOOGL,0.0,0
2025-02-15,GOOGL,0.0,0
2025-02-16,GOOGL,0.0,0
2025-02-17,GOOGL,0.0,0
2025-02-18,GOOGL,0.0,0
2025-02-19,GOOGL,0.0,0
2025-02-20,GOOGL,0.0,0
2025-02-21,GOOGL,0.0,0
2025-02-22,GOOGL,0.0,0
2025-02-23,GOOGL,0.0,0
2025-02-24,GOOGL,0.0,0
2025-02-25,GOOGL,0.0,0
2025-02-26,GOOGL,0.0,0
2025-02-27,GOOGL,0.0,0
2025-02-28,GOOGL,0.0,0
2025-03-01,GOOGL,0.4623,3
2025-03-02,GOOGL,0.0,0
2025-03-03,GOOGL,0.1642,2
2025-03-04,GOOGL,0.8914,2
2025-03-05,GOOGL,0.0,0
2025-03-06,GOOGL,-0.5451,2
2025-03-07,GOOGL,0.7899,1
2025-03-08,GOOGL,0.7078,1
2025-03-09,GOOGL,0.0,3
2025-03-10,GOOGL,-0.2216,3
2025-03-11,GOOGL,-0.4238,1
2025-03-12,GOOGL,0.4746,3
2025-03-13,GOOGL,0.0,1
2025-03-14,GOOGL,0.0,1
2025-03-15,GOOGL,0.126,2
2025-03-16,GOOGL,0.0348,4
2025-03-17,GOOGL,0.8287,2
2025-03-18,GOOGL,-0.0595,3
2025-03-19,GOOGL,0.3734,2
2025-03-20,GOOGL,0.0,1
2025-03-21,GOOGL,-0.4781,1
2025-03-22,GOOGL,0.5523,1
2025-03-23,GOOGL,0.19,3
2025-03-24,GOOGL,0.5714,3
2025-03-25,GOOGL,-0.2845,2
2025-03-26,GOOGL,0.1607,3
2025-03-27,GOOGL,0.5827,1
2025-03-28,GOOGL,-0.3357,1
2025-03-29,GOOGL,0.5012,3
2025-03-30,GOOGL,0.3915,3
2025-03-31,GOOGL,0.0,2
2025-02-01,GOOGL,0.263,1
2025-02-02,GOOGL,0.1989,3
2025-02-03,GOOGL,0.4533,1
2025-02-04,GOOGL,0.7778,1
2025-02-05,GOOGL,-0.6616,1
2025-02-06,GOOGL,-0.9659,1
2025-02-07,GOOGL,-0.4861,2
2025-02-08,GOOGL,0.668,2
2025-02-09,GOOGL,-0.2131,1
2025-02-10,GOOGL,0.6274,1
2025-02-11,GOOGL,-0.9657,2
2025-02-12,GOOGL,-0.1167,3
2025-02-13,GOOGL,0.3626,1
2025-02-14,GOOGL,0.948,1
2025-02-15,GOOGL,-0.6144,1
2025-02-16,GOOGL,0.1344,2
2025-02-17,GOOGL,0.5063,2
2025-02-18,GOOGL,-0.3943,1
2025-02-19,GOOGL,0.0,1
2025-02-20,GOOGL,0.7864,1
2025-02-21,GOOGL,-0.4505,1
2025-02-22,GOOGL,0.685,3
2025-02-23,GOOGL,0.2787,5
2025-02-24,GOOGL,0.0,1
2025-02-25,GOOGL,-0.838,1
2025-02-26,GOOGL,0.0724,2
2025-02-27,GOOGL,0.0,0
2025-02-28,GOOGL,0.0,0
2025-03-01,GOOGL,0.4623,3
2025-03-02,GOOGL,0.0,0
2025-03-03,GOOGL,0.1642,2
2025-03-04,GOOGL,0.8914,2
2025-03-05,GOOGL,0.0,0
2025-03-06,GOOGL,-0.3903,1
2025-03-07,GOOGL,0.7899,1
2025-03-08,GOOGL,0.7078,1
2025-03-09,GOOGL,0.0,3
2025-03-10,GOOGL,-0.2216,3
2025-03-11,GOOGL,-0.4238,1
2025-03-12,GOOGL,0.2397,2
2025-03-13,GOOGL,0.0,1
2025-03-14,GOOGL,0.0,1
2025-03-15,GOOGL,0.126,2
2025-03-16,GOOGL,0.0348,4
2025-03-17,GOOGL,0.8287,2
2025-03-18,GOOGL,-0.0595,3
2025-03-19,GOOGL,0.3734,2
2025-03-20,GOOGL,0.0,1
2025-03-21,GOOGL,-0.4781,1
2025-03-22,GOOGL,0.5523,1
2025-03-23,GOOGL,0.19,3
2025-03-24,GOOGL,0.4057,2
2025-03-25,GOOGL,-0.2845,2
2025-03-26,GOOGL,0.1607,3
2025-03-27,GOOGL,0.5827,1
2025-03-28,GOOGL,-0.3357,1
2025-03-29,GOOGL,0.5012,3
2025-03-30,GOOGL,0.3915,3
2025-03-31,GOOGL,0.0,2
2025-04-01,GOOGL,-0.9047,1
2025-04-02,GOOGL,-0.3614,2
2025-04-03,GOOGL,0.0,0
2025-04-04,GOOGL,0.1718,2
2025-04-05,GOOGL,0.318,3
2025-04-06,GOOGL,-0.4172,2
2025-04-07,GOOGL,-0.2352,3
2025-04-08,GOOGL,0.2976,3
2025-04-09,GOOGL,0.8683,2
2025-04-10,GOOGL,0.0842,3
2025-04-11,GOOGL,0.4766,1
2025-04-12,GOOGL,-0.1718,4
2025-04-13,GOOGL,0.8386,1
2025-04-14,GOOGL,0.3262,1
2025-04-15,GOOGL,0.5862,1
2025-04-16,GOOGL,0.2339,1
2025-04-17,GOOGL,-0.3113,4
2025-04-18,GOOGL,-0.7605,3
2025-04-19,GOOGL,0.2487,3
2025-04-20,GOOGL,0.0,1
2025-04-21,GOOGL,-0.6069,3
2025-04-22,GOOGL,0.0,0
2025-04-23,GOOGL,0.1026,3
2025-04-24,GOOGL,0.4279,2
2025-04-25,GOOGL,0.7498,3
2025-04-26,GOOGL,0.0,3
2025-04-27,GOOGL,-0.2437,3
2025-04-28,GOOGL,0.0284,5
2025-04-29,GOOGL,0.0,0
2025-04-30,GOOGL,0.9493,1
2025-05-01,GOOGL,-0.7911,1
2025-05-02,GOOGL,0.0321,1
2025-05-03,GOOGL,0.3081,2
2025-05-04,GOOGL,0.1202,3
2025-05-05,GOOGL,0.7997,2
2025-05-06,GOOGL,0.0,0
2025-05-07,GOOGL,0.0416,3
2025-05-08,GOOGL,-0.1754,3
2025-05-09,GOOGL,-0.2715,3
2025-05-10,GOOGL,0.3346,3
2025-05-11,GOOGL,0.3155,3
2025-05-12,GOOGL,0.0263,2
2025-05-13,GOOGL,-0.0733,3
2025-05-14,GOOGL,0.2278,2
2025-05-15,GOOGL,0.0,1
2025-05-16,GOOGL,-0.5868,1
2025-05-17,GOOGL,0.1629,2
2025-05-18,GOOGL,0.0516,4
2025-05-19,GOOGL,0.0,0
2025-05-20,GOOGL,-0.0298,3
2025-05-21,GOOGL,0.0,0
2025-05-22,GOOGL,0.0,1
2025-05-23,GOOGL,0.895,1
2025-05-24,GOOGL,0.1818,2
2025-05-25,GOOGL,-0.0019,3
2025-05-26,GOOGL,-0.1603,2
2025-05-27,GOOGL,-0.029,2
2025-05-28,GOOGL,0.4078,2
2025-05-29,GOOGL,0.4916,1
2025-05-30,GOOGL,-0.4243,2
2025-05-31,GOOGL,-0.1688,2
2025-06-01,GOOGL,-0.3033,1
2025-06-02,GOOGL,-0.4778,4
2025-06-03,GOOGL,0.0,0
2025-06-04,GOOGL,0.6837,2
2025-06-05,GOOGL,0.2394,2
2025-06-06,GOOGL,0.0,0
2025-06-07,GOOGL,0.3488,2
2025-06-08,GOOGL,0.0,1
2025-06-09,GOOGL,-0.7978,1
2025-06-10,GOOGL,0.2959,1
2025-06-11,GOOGL,0.4685,2
2025-06-12,GOOGL,0.0,1
2025-06-13,GOOGL,0.0,0
2025-06-14,GOOGL,0.4644,3
2025-06-15,GOOGL,0.3269,4
2025-06-16,GOOGL,0.9499,1
2025-06-17,GOOGL,0.5665,1
2025-06-18,GOOGL,0.0,0
2025-06-19,GOOGL,0.0,1
2025-06-20,GOOGL,0.0,0
2025-06-21,GOOGL,0.1574,4
2025-06-22,GOOGL,0.4085,2
2025-06-23,GOOGL,-0.9648,1
2025-06-24,GOOGL,0.0,0
2025-06-25,GOOGL,0.0,2
2025-06-26,GOOGL,0.2734,1
2025-06-27,GOOGL,0.0,0
2025-06-28,GOOGL,0.0922,3
2025-06-29,GOOGL,0.3075,3
2025-06-30,GOOGL,0.0,3
2025-07-01,GOOGL,0.9514,1
2025-07-02,GOOGL,0.0,1
2025-07-03,GOOGL,0.0,1
2025-07-04,GOOGL,0.9538,1
2025-07-05,GOOGL,0.3826,3
2025-07-06,GOOGL,-0.9451,1
2025-07-07,GOOGL,0.0,1
2025-07-08,GOOGL,0.0,1
2025-07-09,GOOGL,-0.4142,2
2025-07-10,GOOGL,0.0,0
2025-07-11,GOOGL,0.4199,2
2025-07-12,GOOGL,-0.4094,4
2025-07-13,GOOGL,0.0,0
2025-07-14,GOOGL,0.2817,1
2025-07-15,GOOGL,0.2475,2
2025-07-16,GOOGL,-0.9633,1
2025-07-17,GOOGL,0.8523,1
2025-07-18,GOOGL,0.6201,2
2025-07-19,GOOGL,0.0,1
2025-07-20,GOOGL,0.0,1
2025-07-21,GOOGL,0.0,0
2025-07-22,GOOGL,0.5254,2
2025-07-23,GOOGL,0.3716,3
2025-07-24,GOOGL,0.9529,2
2025-07-25,GOOGL,-0.9349,1
2025-07-26,GOOGL,0.1827,3
2025-07-27,GOOGL,-0.0677,3
2025-07-28,GOOGL,0.0006,4
2025-07-29,GOOGL,0.9474,1
2025-07-30,GOOGL,0.1138,3
2025-07-31,GOOGL,-0.9194,1
2025-08-01,GOOGL,0.9095,1
2025-08-02,GOOGL,0.6667,4
2025-08-03,GOOGL,0.0,1
2025-08-04,GOOGL,0.8846,4
2025-08-05,GOOGL,-0.114,3
2025-08-06,GOOGL,-0.0522,2
2025-08-07,GOOGL,0.4784,2
2025-08-08,GOOGL,-0.0018,3
2025-08-09,GOOGL,-0.0003,5
2025-08-10,GOOGL,0.5665,3
2025-08-11,GOOGL,0.9538,1
2025-08-12,GOOGL,-0.9276,1
2025-08-13,GOOGL,-0.2599,2
2025-08-14,GOOGL,0.2326,2
2025-08-15,GOOGL,-0.2165,4
2025-08-16,GOOGL,-0.4774,3
2025-08-17,GOOGL,0.0,2
2025-08-18,GOOGL,0.7006,3
2025-08-19,GOOGL,0.0,1
2025-08-20,GOOGL,0.0,0
2025-08-21,GOOGL,0.9112,1
2025-08-22,GOOGL,0.9491,1
2025-08-23,GOOGL,0.8598,1
2025-08-24,GOOGL,0.2249,3
2025-08-25,GOOGL,0.4132,2
2025-08-26,GOOGL,0.0,1
2025-08-27,GOOGL,-0.2359,1
2025-08-28,GOOGL,-0.293,2
2025-08-29,GOOGL,0.304,3
2025-08-30,GOOGL,0.0775,3
2025-08-31,GOOGL,0.4367,3
2025-09-01,GOOGL,0.1736,3
2025-09-02,GOOGL,0.224,3
2025-09-03,GOOGL,0.2639,5
2025-09-04,GOOGL,-0.0156,3
2025-09-05,GOOGL,-0.6225,5
2025-09-06,GOOGL,0.4128,5
2025-09-07,GOOGL,0.2207,5
2025-09-08,GOOGL,-0.228,1
2025-09-09,GOOGL,0.0,1
2025-09-10,GOOGL,0.0,2
2025-09-11,GOOGL,0.0,0
2025-09-12,GOOGL,-0.6321,1
2025-09-13,GOOGL,0.1306,3
2025-09-14,GOOGL,-0.1455,2
2025-09-15,GOOGL,0.8968,2
2025-09-16,GOOGL,0.5091,3
2025-09-17,GOOGL,-0.0163,2
2025-09-18,GOOGL,0.7831,3
2025-09-19,GOOGL,0.3445,1
2025-09-20,GOOGL,0.0,2
2025-09-21,GOOGL,0.3575,4
2025-09-22,GOOGL,0.0,1
2025-09-23,GOOGL,-0.2543,2
2025-09-24,GOOGL,0.2153,2
2025-09-25,GOOGL,-0.0695,2
2025-09-26,GOOGL,0.4286,2
2025-09-27,GOOGL,0.3463,3
2025-09-28,GOOGL,0.3054,1
2025-09-29,GOOGL,0.0,1
2025-09-30,GOOGL,0.2814,3
2025-10-01,GOOGL,0.0,1
2025-10-02,GOOGL,0.952,1
2025-10-03,GOOGL,0.8246,2
2025-10-04,GOOGL,-0.3242,3
2025-10-05,GOOGL,0.2938,4
2025-10-06,GOOGL,0.0,0
2025-10-07,GOOGL,0.2302,2
2025-10-08,GOOGL,0.0237,3
2025-10-09,GOOGL,-0.4606,2
2025-10-10,GOOGL,0.6559,2
2025-10-11,GOOGL,0.2347,4
2025-10-12,GOOGL,0.5909,2
2025-10-13,GOOGL,0.0,1
2025-10-14,GOOGL,0.1227,5
2025-10-15,GOOGL,0.0,1
2025-10-16,GOOGL,-0.0409,2
2025-10-17,GOOGL,0.0,1
2025-10-18,GOOGL,0.0,0
2025-10-19,GOOGL,0.0,0
2025-10-20,GOOGL,0.6686,2
2025-10-21,GOOGL,0.0404,2
2025-10-22,GOOGL,0.0622,3
2025-10-23,GOOGL,0.0456,4
2025-10-24,GOOGL,0.6376,3
2025-10-25,GOOGL,0.0,0
2025-10-26,GOOGL,0.0,0
2025-10-27,GOOGL,0.3595,2
2025-10-28,GOOGL,-0.9753,1
2025-10-29,GOOGL,0.4639,4
2025-10-30,GOOGL,-0.4873,2
2025-10-31,GOOGL,0.2115,2
2025-11-01,GOOGL,0.3169,3
2025-11-02,GOOGL,0.445,5
2025-11-03,GOOGL,0.0,1
2025-11-04,GOOGL,0.6358,3
2025-11-05,GOOGL,0.9408,4
2025-11-06,GOOGL,-0.2124,3
2025-11-07,GOOGL,-0.9509,1
2025-11-08,GOOGL,0.7118,3
2025-11-09,GOOGL,0.6792,2
2025-11-10,GOOGL,0.0,0
2025-11-11,GOOGL,0.0,0
2025-11-12,GOOGL,0.1996,2
2025-11-13,GOOGL,-0.0363,1
2025-11-14,GOOGL,-0.9744,1
2025-11-15,GOOGL,0.1861,4
2025-11-16,GOOGL,-0.2939,3
2025-11-17,GOOGL,0.6281,3
2025-11-18,GOOGL,0.2693,4
2025-11-19,GOOGL,0.9013,4
2025-11-20,GOOGL,0.4572,2
2025-11-21,GOOGL,-0.0533,3
2025-11-22,GOOGL,0.9578,1
2025-11-23,GOOGL,0.261,4
2025-11-24,GOOGL,-0.2251,4
2025-11-25,GOOGL,-0.8377,2
2025-11-26,GOOGL,0.2135,4
2025-11-27,GOOGL,0.4169,4
2025-11-28,GOOGL,0.3169,3
2025-11-29,GOOGL,-0.0596,3
2025-11-30,GOOGL,0.4524,2
2025-12-01,GOOGL,0.3487,2
2025-12-02,GOOGL,0.4725,4
2025-12-03,GOOGL,0.1362,2
2025-12-04,GOOGL,0.0,1
2025-12-05,GOOGL,-0.2257,3
2025-12-06,GOOGL,0.3918,6
2025-12-07,GOOGL,-0.308,2
2025-12-08,GOOGL,0.0,0
2025-12-09,GOOGL,0.318,3
2025-12-10,GOOGL,-0.3217,3
2025-12-11,GOOGL,-0.0536,3
2025-12-12,GOOGL,-0.1168,3
2025-12-13,GOOGL,0.0127,4
2025-12-14,GOOGL,0.4768,4
2025-12-15,GOOGL,0.5818,3
2025-12-16,GOOGL,-0.4491,2
2025-12-17,GOOGL,0.9545,1
2025-12-18,GOOGL,-0.052,3
2025-12-19,GOOGL,-0.1875,1
2025-12-20,GOOGL,0.3206,4
2025-12-21,GOOGL,0.5018,2
2025-12-22,GOOGL,0.0629,3
2025-12-23,GOOGL,-0.9729,1
2025-12-24,GOOGL,0.1421,2
2025-12-25,GOOGL,0.4095,3
2025-12-26,GOOGL,0.3012,2
2025-12-27,GOOGL,0.5605,4
2025-12-28,GOOGL,0.3273,3
2025-12-29,GOOGL,-0.3408,4
2025-12-30,GOOGL,0.9031,1
2025-12-31,GOOGL,0.2011,3
2026-01-01,GOOGL,-0.9742,1
